,fototeca_id,fototeca_nombre,fototeca_fecha_fundacion,fototeca_adscripcion,fototeca_calle_numero,fototeca_colonia,fototeca_cp,fototeca_telefono1,pagina_web,email,gmaps_latitud,gmaps_longitud,estado_id,municipio_id,localidad_id,nom_ent,nom_mun,nom_loc,link_sic,fecha_mod
0,98,Fototeca Universitaria UAA,1987-01-01,Universidad Autónoma de Aguascalientes,Av. Universidad 940,Ciudad Universitaria,20131,"(449) 910 74 00 exts. 20112, 20115",http://fototecauniversitaria.uaa.mx/,aurora.figueroa@edu.uaa.mx,21.91303,-102.31424,1,1,1,Aguascalientes,Aguascalientes,Aguascalientes,http://sic.gob.mx/ficha.php?table=fototeca&table_id=98,2018-08-07T02:23:58-05:00
1,99,Fototeca del Instituto de Investigaciones Culturales-Museo,1000-01-01,Universidad Autónoma de Baja California,Calle L. y Av. Reforma,Col. Nueva,21100,(686) 552 57 15,,,0.0,0.0,2,2,1,Baja California,Mexicali,Mexicali,http://sic.gob.mx/ficha.php?table=fototeca&table_id=99,2018-07-17T05:49:28-05:00
2,133,Archivo Histórico del Estado de Baja California,1981-03-20,Gobierno del Estado,Av. Pedro F. Pérez y Ramírez 202,Centro,21100,(686) 552 5193,,cldiaz@baja.gob.mx,32.6632,-115.48262,2,2,1,Baja California,Mexicali,Mexicali,http://sic.gob.mx/ficha.php?table=fototeca&table_id=133,2018-09-03T09:36:01-05:00
3,114,Archivo Fotográfico de El Colegio de la Frontera Norte,1982-01-01,"El Colegio de la Frontera Norte, A.C.",Carr. Escénica Tijuana-Ensenada Km 18.5,Col. San Antonio del Mar,22560,(664) 631 63 00 ext. 1153,http://www.colef.mx/foto ,foto@colef.mx,32.45679,-117.11115,2,4,1,Baja California,Tijuana,Tijuana,http://sic.gob.mx/ficha.php?table=fototeca&table_id=114,2018-08-28T02:46:33-05:00
4,115,Fototeca del Archivo Histórico del Estado de Baja California Sur Pablo L. Martínez,1983-05-09,Instituto Sudcaliforniano de Cultura,"Navarro s/n, Unidad Cultural Profr. Jesús Castro",Centro,23060,(612) 125 02 94,,eliza_amendia@hotmail.com,24.14786,-110.31742,3,3,1,Baja California Sur,La Paz,La Paz,http://sic.gob.mx/ficha.php?table=fototeca&table_id=115,2018-07-24T04:52:32-05:00
5,11,Archivo Municipal de Campeche,1000-01-01,Ayuntamiento de Campeche,"Calle 67 entre 10 y 12, Circuito Baluartes Departamento 2 PB",Centro Histórico,24000,(981) 861 53 20,https://es-la.facebook.com/ArchvivoMunicipaldeCampeche/,cronista1@prodigy.net.mx,19.84102,-90.53796,4,2,1,Campeche,Campeche,San Francisco de Campeche,http://sic.gob.mx/ficha.php?table=fototeca&table_id=11,2018-07-13T05:18:48-05:00
6,100,Fototeca Francisco Cicero,2016-04-07,Archivo General del Estado de Campeche,Calle 12 núm. 159 entre 57 y 59,Centro,24000,(981) 816 09 39,http://agec.campeche.gob.mx,archivo.general@campeche.gob.mx,19.82474,-90.55012,4,2,1,Campeche,Campeche,San Francisco de Campeche,http://sic.gob.mx/ficha.php?table=fototeca&table_id=100,2018-08-20T06:46:24-05:00
7,89,"Museo Biblioteca Pape, A.C.",1977-01-01,,Blvd. Harold R. Pape 505 Sur,,25750,(866) 6310404. ,http://www.conaculta.gob.mx/cimagen/catalogo/museos2.html,,26.91105,-101.4307,5,18,1,Coahuila de Zaragoza,Monclova,Monclova,http://sic.gob.mx/ficha.php?table=fototeca&table_id=89,2018-08-01T10:41:45-05:00
8,88,Fototeca del Archivo Municipal de Saltillo,1988-01-01,Gobierno Municipal de Saltillo,Juárez y Leona Vicario s/n,Centro,25000,(844) 414 43 70,http://www.archivomunicipaldesaltillo.gob.mx,informes@archivomunicipaldesaltillo.gob.mx ,25.41581,-100.98921,5,30,1,Coahuila de Zaragoza,Saltillo,Saltillo,http://sic.gob.mx/ficha.php?table=fototeca&table_id=88,2018-08-03T07:09:01-05:00
9,84,Archivo Fotográfico Gertrude Duby Blom de la Asociación Cultural Na Bolom,1000-01-01,,Av. Vicente Guerrero 33,Barrio del Cerrillo,29220,(967) 678 1418,https://www.nabolom.org/fototeca-chiapas,nabolom@sclc.ecosur.mx,16.74168,-92.62995,7,78,1,Chiapas,San Cristóbal de las Casas,San Cristóbal de las Casas,http://sic.gob.mx/ficha.php?table=fototeca&table_id=84,2018-06-11T14:17:42-05:00
10,85,Archivo Histórico de Chiapas-UNICACH,1988-01-01,Universidad de Ciencias y Artes de Chiapas,Boulevard Ángel Albino Corzo Km 1087,Centro,29000,(961) 612 55 54,http://www.facebook.com/Archivo2018/,archivohistorico@unicach.mx,16.75119,-93.09963,7,101,1,Chiapas,Tuxtla Gutiérrez,Tuxtla Gutiérrez,http://sic.gob.mx/ficha.php?table=fototeca&table_id=85,2018-08-24T11:38:54-05:00
11,87,Fototeca Centro INAH Chihuahua,1994-01-01,Secretaría de Cultura/INAH,Libertad 901,Centro,31000,(614) 429 33 00 ext. 11740,http://inahchihuahua.gob.mx/sections.pl?id=17,jgc1958@gmail.com,28.63949,-106.07387,8,19,1,Chihuahua,Chihuahua,Chihuahua,http://sic.gob.mx/ficha.php?table=fototeca&table_id=87,2018-07-10T03:53:59-05:00
12,69,Fototeca de la Coordinación Nacional de Conservación del Patrimonio Cultural del INAH,1000-01-01,Secretaría de Cultura/INAH,"Xicoténcatl s/n, Ex-convento de churubusco",San Diego Churubusco,04120,(55) 5688 2885,http://sinafo.inah.gob.mx/fototeca-cncpc/,atencion.sinafo@inah.gob.mx,19.3554,-99.1494,9,3,1,Ciudad de México,Coyoacán,Coyoacán,http://sic.gob.mx/ficha.php?table=fototeca&table_id=69,2018-07-11T07:48:02-05:00
13,56,Fototeca del IISUNAM,1000-01-01,"Instituto de Investigaciones Sociales, Universidad Nacional Autónoma de México","Circuito Mario de la Cueva s/n, Zona Cultural, CU",Col. Coyoacán,04510,(55) 5622 7391,http://ru.iis.sociales.unam.mx/jspui/handle/IIS/43,fototeca.iis@sociales.unam.mx,19.31506,-99.17949,9,3,1,Ciudad de México,Coyoacán,Coyoacán,http://sic.gob.mx/ficha.php?table=fototeca&table_id=56,2018-08-14T06:38:18-05:00
14,77,Iconoteca de la Biblioteca Nacional de México,1000-01-01,Universidad Nacional Autónoma de México,Centro Cultural Universitario<br>Ciudad Universitaria,,04510,(55) 5622 6821,,fonres@unam.mx,19.31662,-99.18503,9,3,1,Ciudad de México,Coyoacán,Coyoacán,http://sic.gob.mx/ficha.php?table=fototeca&table_id=77,2018-09-03T06:57:39-05:00
15,107,Diapositeca Digital de la Facultad de Arquitectura ,1985-01-01,UNAM,Av. Universidad 3000,Cd. Universitaria,04510,"(55) 5622 0254, 5622 0297",http://arquitectura.unam.mx/diapositeca.html,comsoc.fa@unam.mx,19.33123,-99.18651,9,3,1,Ciudad de México,Coyoacán,Coyoacán,http://sic.gob.mx/ficha.php?table=fototeca&table_id=107,2018-08-06T04:45:25-05:00
16,113,Fototeca de la Filmoteca UNAM,1981-07-08,UNAM/Dirección General de Actividades Cinematográficas,Circuito Mario de la Cueva s/n,Ciudad Universitaria,04510,"(55) 5622 9376, 79",http://www.filmoteca.unam.mx,antonia@unam.mx,19.31956,-99.17555,9,3,1,Ciudad de México,Coyoacán,Coyoacán,http://sic.gob.mx/ficha.php?table=fototeca&table_id=113,2018-08-17T06:36:26-05:00
17,52,"Herbario Nacional de México, Instituto de Biología de la UNAM",1000-01-01,UNAM,Apdo. Postal 70-367,,04510,(55) 5622 9070,http://www.ib.unam.mx/botanica/herbario/,mexu@ib.unam.mx,19.31937,-99.19372,9,3,1,Ciudad de México,Coyoacán,Coyoacán,http://sic.gob.mx/ficha.php?table=fototeca&table_id=52,2017-10-20T14:21:32-05:00
18,145,Archivo Fotográfico Manuel Toussaint,1000-01-01,UNAM,Circuito Mario de la Cueva s/n,Cd. Universitaria,04510,(55) 5622 7250 ,,iieweb@unam.mx,19.35021,-99.16194,9,3,1,Ciudad de México,Coyoacán,Coyoacán,http://sic.gob.mx/ficha.php?table=fototeca&table_id=145,2018-07-19T05:25:49-05:00
19,108,Instituto de Investigaciones Estéticas de la UNAM,1935-01-01,,"Insurgentes Sur s/n, Cd- Universitaria",Copilco,04510,(55) 5669 2465,lhttp://www.esteticas.unam.mx/,afmt@unam.mx,19.32394,-99.18629,9,3,1,Ciudad de México,Coyoacán,Coyoacán,http://sic.gob.mx/ficha.php?table=fototeca&table_id=108,2013-06-28T12:16:01-05:00
20,64,Fototeca del Centro de Información y Documentación Alberto Beltrán,1978-01-01,"Secretaría de Cultura/Dirección General de Culturas Populares, Indígenas y Urbanas",Av. Hidalgo 289,Col. Del Carmen,04100,(55) 4155 0929,http://cidalbertobeltran.cultura.gob.mx,cpcid@cultura.gob.mx,19.34979,-99.1608,9,3,1,Ciudad de México,Coyoacán,Coyoacán,http://sic.gob.mx/ficha.php?table=fototeca&table_id=64,2018-08-15T07:03:43-05:00
21,45,Área de Acervos Históricos de la Biblioteca Francisco Xavier Clavijero de la Universidad Iberoamericana,1000-01-01, Universidad Iberoamericana,Prol. de Paseo de la Reforma 880,Lomas de Santa Fe,01210,(55) 5950 4000 ext. 4670,http://www.bib.uia.mx,luis.inclan@ibero.mx,19.37074,-99.26444,9,4,1,Ciudad de México,Cuajimalpa de Morelos,Cuajimalpa de Morelos,http://sic.gob.mx/ficha.php?table=fototeca&table_id=45,2018-10-29T07:18:58-06:00
22,102,Archivo Privado de Fotos y Gráfica Kati y José Horna,1000-01-01,Privado,"Av. San Francisco 558, esq. Cda. Villa Elvira casa 32",Col. San Jerónimo Lidice,10200,(55) 5568 0436,http://sac.usal.es/index.php/archivo/ano-2012/274-kati-horna-abril-junio-2012,norahhorna@yahoo.com,19.31414,-99.23327,9,8,1,Ciudad de México,La Magdalena Contreras,La Magdalena Contreras,http://sic.gob.mx/ficha.php?table=fototeca&table_id=102,2018-07-19T05:57:39-05:00
23,5,Museo Casa Estudio Diego Rivera y Frida Kahlo,1000-01-01,Secretaría de Cultura/INBA,Diego Rivera s/n esq. Altavista,San Ángel Inn,01060,(55) 8647 5470,http://www.estudiodiegorivera.bellasartes.gob.mx/,medr.registroobra@inba.gob.mx,19.34961,-99.19737,9,10,1,Ciudad de México,Álvaro Obregón,Álvaro Obregón,http://sic.gob.mx/ficha.php?table=fototeca&table_id=5,2018-07-23T09:54:27-05:00
24,70,Fototeca Nacho López de la Comisión ,1998-01-01,Nacional para el Desarrollo de los Pueblos Indígenas (CDI),"Av. Revolución 1279, piso 1",Col. Tlacopac,01010,(55) 5651 3199 ext. 8101,,silvia.gomez@cdi.gob.mx,19.36034,-99.18963,9,10,1,Ciudad de México,Álvaro Obregón,Álvaro Obregón,http://sic.gob.mx/ficha.php?table=fototeca&table_id=70,2018-07-18T08:43:16-05:00
25,141,Fototeca del Instituto Nacional de Estudios Históricos de las Revoluciones de México,1999-02-01,Secretaría de Cultura Federal,Francisco I. Madero 1,Col. San Ángel,01000,"(55) 4155 0200 extS. 3070, 3073",http://www.inehrm.gob.mx/es/inehrm/Fototeca,rafael.hernandez@cultura.gob.mx; cecilia.pacheco@cultura.gob.mx ,19.34527,-99.19108,9,10,1,Ciudad de México,Álvaro Obregón,Álvaro Obregón,http://sic.gob.mx/ficha.php?table=fototeca&table_id=141,2019-08-13T08:39:06-05:00
26,92,Escuela Nacional de Artes Plásticas de la UNAM,1000-01-01,Universidad Nacional Autónoma de México,Av. Constitución 600,Barrio La Concha,16210,(55) 5489 4921,,arcelia@correo.unam.mx,19.25204,-99.11917,9,13,1,Ciudad de México,Xochimilco,Xochimilco,http://sic.gob.mx/ficha.php?table=fototeca&table_id=92,2017-10-20T13:36:05-05:00
27,104,Biblioteca de las Artes del Centro Nacional de las Artes,1000-01-01,Secretaría de Cultura/CENART,Av. Río Churubusco s/n esq. Calz. de Tlalpan,Col. Country Club,04220,"(55) 1253 9400 exts. 1248, 1223",http://www.cenart.gob.mx/vida-academica/biblioteca-de-las-artes/,fespbib@correo.cnart.mx,19.35654,-99.14139,9,14,1,Ciudad de México,Benito Juárez,Benito Juárez,http://sic.gob.mx/ficha.php?table=fototeca&table_id=104,2018-08-16T07:49:41-05:00
28,55,Fototeca de Casa Museo Benita Galeana,2000-06-08,Delegación Benito Juárez,Cda. Zutano 11,Col. 2a. del Periodista,03620,(55) 5609 1687,,,0.0,0.0,9,14,1,Ciudad de México,Benito Juárez,Benito Juárez,http://sic.gob.mx/ficha.php?table=fototeca&table_id=55,2018-07-19T07:53:39-05:00
29,123,Centro de Documentación de la Cineteca Nacional,1000-01-01,Secretaría de Cultura,Av. México Coyoacán 389,Col. Xoco,03330,(55) 5422 1100 ext. 2235,,,19.36087,-99.16446,9,14,1,Ciudad de México,Benito Juárez,Benito Juárez,http://sic.gob.mx/ficha.php?table=fototeca&table_id=123,2018-07-17T04:53:58-05:00
30,67,Fototeca del Centro Nacional de Información y Promoción de la Literatura,1992-01-01,Instituto Nacional de Bellas Artes,República del Brasil 37 ,Centro,06600,(55) 5772 2274,,,19.43865,-99.13327,9,15,1,Ciudad de México,Cuauhtémoc,Cuauhtémoc,http://sic.gob.mx/ficha.php?table=fototeca&table_id=67,2018-07-17T07:59:17-05:00
31,73,Archivo Histórico y Biblioteca Central del Agua ,1994-01-01,Comisión Nacional del Agua/Subdirección General de Planeación,Balderas 94 ,Centro,06040,"(55) 5174 4000 exts. 2316, 5707",https://www.gob.mx/conagua/es/acciones-y-programas/archivo-historico-y-biblioteca-central-del-agua-149838,olga.manuel@conagua.gob.mx; ciagua@conagua.gob.mx,19.43098,-99.14783,9,15,1,Ciudad de México,Cuauhtémoc,Cuauhtémoc,http://sic.gob.mx/ficha.php?table=fototeca&table_id=73,2018-08-22T09:23:57-05:00
32,80,Archivo Histórico del Distrito Federal,1000-01-01,,República de Chile 8,Centro Histórico,06010,(55) 5510 8582,,ruiza@sni.conacyt.mx,19.43627,-99.13626,9,15,1,Ciudad de México,Cuauhtémoc,Cuauhtémoc,http://sic.gob.mx/ficha.php?table=fototeca&table_id=80,2018-08-01T06:54:36-05:00
33,61,Ex Teresa Arte Actual,1994-01-01,Secretaría de Cultura/INBA,Lic. Verdad 8,Centro,06060,(55) 55022 9093,http://www.exteresa.bellasartes.gob.mx/,exteresa.difusion@inba.gob.mx,19.4345,-99.13069,9,15,1,Ciudad de México,Cuauhtémoc,Cuauhtémoc,http://sic.gob.mx/ficha.php?table=fototeca&table_id=61,2021-11-10T08:38:34-06:00
34,40,Fototeca del Museo Nacional de Arte del INBA,2001-01-01,Secretaría de Cultura/INBA,Tacuba 8,Centro Histórico,06010,(55) 8647 5430 ext. 5061,http://www.munal.mx,abigail.molleda@munal.inba.gob.mx,19.43633,-99.13944,9,15,1,Ciudad de México,Cuauhtémoc,Cuauhtémoc,http://sic.gob.mx/ficha.php?table=fototeca&table_id=40,2018-08-15T07:18:34-05:00
35,112,Fototeca Constantino Reyes-Valerio,1970-01-01,"Secretaría de Cultura/INAH/Coordinación Nacional de Difusión, Sistema Nacional de Fototecas",Correo Mayor 11,Centro Histórico,06060,(55) 4040 5650 ext. 413020,http://www.fototeca-crv.inah.gob.mx/web/index.php?Intro=5/; http://www.fototeca-crv.inah.gob.mx/web/index.php,fototeca.cnmh@inah.gob.mx,19.43389,-99.13004,9,15,1,Ciudad de México,Cuauhtémoc,Cuauhtémoc,http://sic.gob.mx/ficha.php?table=fototeca&table_id=112,2018-10-03T08:32:44-05:00
36,42,Museo Postal,1000-01-01,Servicio Postal Mexicano,"Tacuba 1, piso 2",Centro Histórico,06000,(55) 5340 3300,https://www.vivemx.com/turismo/museo-postal.htm,jacalderon@correosdemexico.gob.mx,19.43579,-99.14039,9,15,1,Ciudad de México,Cuauhtémoc,Cuauhtémoc,http://sic.gob.mx/ficha.php?table=fototeca&table_id=42,2018-07-18T04:32:16-05:00
37,116,Dirección General del Acervo Histórico Diplomático de la Secretaría de Relaciones Exteriores,1000-01-01,Secretaría de Relaciones Exteriores,"Ricardo Flores Magón 2, segundo piso",Col. Guerrero,06800,(55) 3686 5026,,dgahistoricosre@sre.gob.mx,19.44951,-99.13781,9,15,1,Ciudad de México,Cuauhtémoc,Cuauhtémoc,http://sic.gob.mx/ficha.php?table=fototeca&table_id=116,2018-07-27T06:07:42-05:00
38,91,Academia de San Carlos de la UNAM,1000-01-01,Universidad Nacional Autónoma de México,Academia 22,centro,06060,(55) 5522 0477,http://www.fad.unam.mx/educacion-continua/academia.php,,19.43303,-99.12884,9,15,1,Ciudad de México,Cuauhtémoc,Cuauhtémoc,http://sic.gob.mx/ficha.php?table=fototeca&table_id=91,2018-07-24T04:40:43-05:00
39,117,Fideicomiso Archivos Plutarco Elías Calles y Fernando Torreblanca,1986-10-16,Fideicomiso Archivos Plutarco Elías Calles y Fernando Torreblanca,Guadalajara 104,Roma Norte,06700,"(55) 5286 8339, 5211 4999",http://www.fapecft.org.mx,normaogarrio@hotmail.com; fapecfot@yahoo.com.mx; fapecfot@gmail.com,19.41629,-99.17166,9,15,1,Ciudad de México,Cuauhtémoc,Cuauhtémoc,http://sic.gob.mx/ficha.php?table=fototeca&table_id=117,2018-07-16T09:04:16-05:00
40,109,Museo del Templo Mayor del INAH,1000-01-01,Secretaría de Cultura/INAH,Seminario 8,Centro Histórico,06060,(55) 5542 0256,http://www.templomayor.inah.gob.mx/,templomayor@attglobal.net,19.43455,-99.13186,9,15,1,Ciudad de México,Cuauhtémoc,Cuauhtémoc,http://sic.gob.mx/ficha.php?table=fototeca&table_id=109,2017-10-10T13:53:50-05:00
41,74,Fototeca del Archivo Histórico del Arzobispado de México,1546-01-01,"Arquidiócesis Primada de México, A.R.","Durango 90, primer piso",Col. Roma,06700,"(55) 5208 3200, 5208 6351 ext. 1153",http://aham.arquidiocesismexico.org.mx/,iturbe_maestría@hotmail.com,19.42157,-99.15919,9,15,1,Ciudad de México,Cuauhtémoc,Cuauhtémoc,http://sic.gob.mx/ficha.php?table=fototeca&table_id=74,2018-07-19T05:07:25-05:00
42,130,Fototeca de la Coordinación Nacional de Museos y Exposiciones del INAH,1000-01-01,Secretaría de Cultura/INAH,Hamburgo 135,Col. Juárez,06600,,,alejandra_ruano@inah.gob.mx,-5e-05,0.00027,9,15,1,Ciudad de México,Cuauhtémoc,Cuauhtémoc,http://sic.gob.mx/ficha.php?table=fototeca&table_id=130,2018-07-25T05:10:04-05:00
43,72,Archivo Histórico Citibanamex,1000-01-01,Privado,Isabel la Católica 44 esq. Venustiano Carranza 64,Centro Histórico,06000,(55) 1226 5161,https://www.amabpac.org.mx/wp/miembros/archivo-historico-banamex/,carlos.fernando.coronatorres@citibanamex.com,19.43156,-99.13651,9,15,1,Ciudad de México,Cuauhtémoc,Cuauhtémoc,http://sic.gob.mx/ficha.php?table=fototeca&table_id=72,2018-08-10T06:45:51-05:00
44,146,Fototeca de la Dirección de Salvamento Arqueológico ,2013-01-01,Secretaría de Cultura/INAH,Córdoba núm 45,Col. Roma,06700,(55) 4040 4300 ext.416471,,emmanuel_molina @inah.gob.mx,19.44165,-99.15167,9,15,1,Ciudad de México,Cuauhtémoc,Cuauhtémoc,http://sic.gob.mx/ficha.php?table=fototeca&table_id=146,2021-11-10T08:39:02-06:00
45,106,Fototeca Etnográfica del Museo Nacional de Antropología del INAH,1964-09-17,Secretaría de Cultura/INAH/Museo Nacional de Antropología,Av. Paseo de la Reforma s/n esq. Gandhi,Col. Chapultepec Polanco,11560,"(55) 5553 6231, 5919 6528",,valerioer@hotmail.com,19.42545,-99.18188,9,16,1,Ciudad de México,Miguel Hidalgo,Miguel Hidalgo,http://sic.gob.mx/ficha.php?table=fototeca&table_id=106,2018-09-14T06:25:52-05:00
46,60,Museo de Arte Moderno del INBA,1993-01-01,Secretaría de Cultura/INBA,Paseo de la Reforma esq. Gandhi s/n,Col. Bosque de Chapultepec,11560,(55) 8647 5530,https://mam.inba.gob.mx/,mam@correo.inba.gob.mx,19.42286,-99.17948,9,16,1,Ciudad de México,Miguel Hidalgo,Miguel Hidalgo,http://sic.gob.mx/ficha.php?table=fototeca&table_id=60,2021-11-10T08:40:17-06:00
47,68,Dirección de Antropología Física del INAH,1968-01-01,Secretaría de Cultura/INAH,Av. Paseo de la Reforma esq. Calz. Gandhi s/n,Col. Polanco Chapultepec,11560,(55) 4040 5300 ext. 412480,http://antropologia.inah.gob.mx/direcciones/2012-11-07-23-02-30,dafinahga@gmail.com,19.42594,-99.18605,9,16,1,Ciudad de México,Miguel Hidalgo,Miguel Hidalgo,http://sic.gob.mx/ficha.php?table=fototeca&table_id=68,2018-10-03T03:51:53-05:00
48,46,Sala de Arte Público Siqueiros,1000-01-01,Secretaría de Cultura/INBA,Tres Picos 29,Col. Polanco,11560,(55) 8647 5340,http://www.saps-latallera.org,saps.archivo@inba.gob.mx,19.42886,-99.18737,9,16,1,Ciudad de México,Miguel Hidalgo,Miguel Hidalgo,http://sic.gob.mx/ficha.php?table=fototeca&table_id=46,2018-07-18T06:20:29-05:00
49,111,Fototeca del Museo Nacional de Historia ,1980-01-01,Secretaría de Cultura/INAH,"Castillo de Chapultepec, 1ª sección del Bosque de Chapultepec",Col. San Miguel Chapultepec,11580,(55) 4040 5200 ext. 3109,http://www.mnh.inah.gob.mx/biblioteca,fototeca.mnh@inah.gob.mx,19.42036,-99.18204,9,16,1,Ciudad de México,Miguel Hidalgo,Miguel Hidalgo,http://sic.gob.mx/ficha.php?table=fototeca&table_id=111,2018-07-17T05:26:50-05:00
50,76,Biblioteca Nacional de Antropología e Historia,1970-01-01,Secretaría de Cultura/INAH,Av. Paseo de la Reforma esq. Calz. Gandhi,Col. Polanco Chapultepec,11560,(55) 5553 6342,http://cdmxtravel.com/es/lugares/biblioteca-nacional-de-antropologia-e-historia.html,baltazar_brito@inah.gob.mx,19.4261,-99.18608,9,16,1,Ciudad de México,Miguel Hidalgo,Miguel Hidalgo,http://sic.gob.mx/ficha.php?table=fototeca&table_id=76,2021-11-10T08:39:56-06:00
51,83,Fototeca del Archivo General de la Nación,1000-01-01,Secretaría de Gobernación,Eduardo Molina 113,Col. Penitenciaría ,15350,(55) 5795 7311,http://www.agn.gob.mx/,argena@agn.gob.mx,19.43673,-99.1129,9,17,1,Ciudad de México,Venustiano Carranza,Venustiano Carranza,http://sic.gob.mx/ficha.php?table=fototeca&table_id=83,2018-07-17T08:36:19-05:00
52,135,Fototeca del Museo Regional de Durango - UJED,1000-01-01,Universidad Juárez del Estado de Durango,Victoria 100 Sur,Centro,34000,(618) 812 56 05,http://www.ujed.mx,museoregional@hotmail.com,24.02675,-104.66971,10,5,1,Durango,Durango,Victoria de Durango,http://sic.gob.mx/ficha.php?table=fototeca&table_id=135,2018-07-17T04:40:52-05:00
53,48,Fototeca Centro INAH Durango,1994-01-01,Secretaría de Cultura/INAH,Av. 16 de Septiembre 130,Col. Silvestre Dorador,34070,(618) 128 44 13,http://www.inah.gob.mx,cesar_rodriguez@inah.gob.mx; cesarrg93@gmail.com,24.03395,-104.68209,10,5,1,Durango,Durango,Victoria de Durango,http://sic.gob.mx/ficha.php?table=fototeca&table_id=48,2018-07-17T09:27:37-05:00
54,148,Fototeca del Archivo Histórico del Estado de Durango,1998-01-01,Dirección General del Archivo Histórico del Estado de Durango,Cerro de la Cruz 122,Fracc. Lomas del Guadiana,34110,(618) 137 79 80,http://transparencia.durango.gob.mx/AHED,miguel.vallebueno@durango.gob.mx,24.02399,-104.67019,10,5,1,Durango,Durango,Victoria de Durango,http://sic.gob.mx/ficha.php?table=fototeca&table_id=148,2018-08-14T08:46:12-05:00
55,136,Fototeca del Archivo Histórico del Municipio de Durango,1000-01-01,"Ayuntamiento de Durango, Dgo.",Miguel de Cervantes Saavedra esq. 5 de febrero,Centro,34000,(618) 137 85 89,http://www.municipiodurango.gob.mx,,24.02495,-104.66074,10,5,1,Durango,Durango,Victoria de Durango,http://sic.gob.mx/ficha.php?table=fototeca&table_id=136,2018-08-10T08:14:57-05:00
56,31,Fototeca Romualdo García del Museo Regional de Guanajuato Alhóndiga de Granaditas,1000-01-01,Secretaría de Cultura/INAH,Mendizábal 6 ,Centro,36000,(473) 732 11 12,,alhondigaservicios@hotmail.com,21.01867,-101.25776,11,15,1,Guanajuato,Guanajuato,Guanajuato,http://sic.gob.mx/ficha.php?table=fototeca&table_id=31,2018-07-25T05:49:46-05:00
57,93,Archivo Histórico del Archivo General del Poder Ejecutivo de Guanajuato,1989-01-01,Gobierno del Estado de Guanajuato,Alhóndiga e Insurgencia 1,Centro,36000,(473) 732 1052,http://archivohistorico.guanajuato.gob.mx/,jegutierrezh@guanajuato.gob.mx,21.01969,-101.2586,11,15,1,Guanajuato,Guanajuato,Guanajuato,http://sic.gob.mx/ficha.php?table=fototeca&table_id=93,2018-08-22T08:56:14-05:00
58,29,Archivo Histórico Municipal de Irapuato,1974-01-01,Municipio de Irapuato,Allende 170,Centro Histórico,36500,(462) 627 45 54,,archivoirapuato@yahoo.com.mx,20.67536,-101.34963,11,17,1,Guanajuato,Irapuato,Irapuato,http://sic.gob.mx/ficha.php?table=fototeca&table_id=29,2018-08-14T05:58:32-05:00
59,79,Fototeca del Archivo Histórico Municipal de León,1948-01-01,Ayuntamiento de León,Justo Sierra 216,Centro,37000,(477) 714 18 49,https://es-la.facebook.com/ahmleongto/,ahmleon@prodigy.net.mx,21.12116,-101.68491,11,20,1,Guanajuato,León,León de los Aldama,http://sic.gob.mx/ficha.php?table=fototeca&table_id=79,2018-07-16T08:11:15-05:00
60,35,Archivo Histórico y Museo de Minería,1000-01-01,,Francisco Javier Mina 110,Centro,42000,(771) 715 09 76,,,20.12548,-98.73129,13,48,1,Hidalgo,Pachuca de Soto,Pachuca de Soto,http://sic.gob.mx/ficha.php?table=fototeca&table_id=35,2018-07-16T06:41:45-05:00
61,34,Fototeca Nacional del INAH,1976-11-20,"Secretaría de Cultura/INAH/Coordinación Nacional de Difusión, Sistema Nacional de Fototecas","Casasola s/n, Ex convento de San Francisco",Centro,42000,"(771) 713 19 77, 714 36 53",http://sinafo.inah.gob.mx,sinafo@inah.gob.mx,20.12086,-98.73182,13,48,1,Hidalgo,Pachuca de Soto,Pachuca de Soto,http://sic.gob.mx/ficha.php?table=fototeca&table_id=34,2018-07-12T05:26:04-05:00
62,147,Fototeca Centenario de la Revolución Mexicana,2010-01-19,Poder Judicial del Estado de Hidalgo/Archivo Histórico,Carr. México-Pachuca km. 84.5,Sector Primario,42080,(771) 717 90 00 ext. 9398,http://www.pjhidalgo.gob.mx/,archistpj@gmail.com,20.12236,-98.73694,13,48,1,Hidalgo,Pachuca de Soto,Pachuca de Soto,http://sic.gob.mx/ficha.php?table=fototeca&table_id=147,2018-08-07T07:20:05-05:00
63,66,Fototeca del Acervo Histórico del Archivo Municipal de Guadalajara,1000-01-01,"Ayuntamiento de Guadalajara, Jalisco",Esmeralda 2486 ,Fracc. Verde Valle,44560,(33) 1201 8638,,mramos@guadalajara.gob.mx; mistert63@outlook.com,0.0,0.0,14,39,1,Jalisco,Guadalajara,Guadalajara,http://sic.gob.mx/ficha.php?table=fototeca&table_id=66,2018-07-23T08:04:35-05:00
64,36,Fototeca de la Biblioteca Pública del Estado de Jalisco Juan José Arreola,1000-01-01,Universidad de Guadalajara,Perif.  Norte Manuel Gómez Morín núm. 1695,Col. Belenes,45100,(33) 3836 4530 ext. 22236,http://www.bpej.udg.mx/,ariadnag@redudg.udg.mx ,0.0,0.0,14,120,1,Jalisco,Zapopan,Zapopan,http://sic.gob.mx/ficha.php?table=fototeca&table_id=36,2018-08-24T06:03:28-05:00
65,62,Fototeca del Centro de Documentación e Investigación de la Comunidad Judío de México,1993-10-21,"Centro de Documentación e Investigación Judíos de México, A.C.",Fuente de San Sulpicio 16,Col. Lomas de Tecamachalco,53950,(55) 5211 5688,https://cdijum.mx/acervos/fototeca/,contacto@cdijum.mx,19.42323,-99.23821,15,57,1,México,Naucalpan de Juárez,Naucalpan de Juárez,http://sic.gob.mx/ficha.php?table=fototeca&table_id=62,2018-07-18T07:34:04-05:00
66,129,Fototeca del Centro de Estudios Teotihuacanos,1998-01-01,Secretaría de Cultura/INAH/Zona Arqueológica de Teotihuacán,"Edif. Centro de Estudios Teotihuacanos, Ex Museo Manuel Gamio, atrás de la Pirámide del Sol, Circuito Empedrado Puerta 5, Carretera México-Tulancingo Km 22 + 600",Zona arqueológica de Teotihuacán,55800,(594) 956 1599,,elisaasr@yahoo.com.mx,19.71209,-98.86082,15,92,1,México,Teotihuacán,Teotihuacán de Arista,http://sic.gob.mx/ficha.php?table=fototeca&table_id=129,2018-07-24T06:38:52-05:00
67,50,Fototeca del Museo Nacional del Virreinato,1969-01-01,Secretaría de Cultura/INAH,Plaza Hidalgo 99,Col. San Martín,54600,(55) 5876 2770,http://www.virreinato.inah.gob.mx/,virreinato.museo@inah.gob.mx; jramonsolis@hotmail.com,19.71318,-99.22166,15,95,1,México,Tepotzotlán,Tepotzotlán,http://sic.gob.mx/ficha.php?table=fototeca&table_id=50,2021-11-10T08:39:23-06:00
68,143,Fototeca del Centro INAH Estado de México (CINAHEM),2016-04-01,Secretaría de Cultura/INAH,Av. José Vicente Villada 107,Centro,50000,(722) 215 70 80,Cnci.inah.gob.mx/?p=949,Araceli_tellechea@inah.gob.mx,19.28977,-99.65831,15,106,1,México,Toluca,Toluca de Lerdo,http://sic.gob.mx/ficha.php?table=fototeca&table_id=143,2018-07-16T07:42:17-05:00
69,101,Fototeca del Estado de Michoacán,1999-01-01,Archivo General e Histórico del Poder Ejecutivo de Michoacán (AGHPEM)/Dirección de Archivos del Poder Ejecutivo de Michoacán,Calle Corregidora 666,Colonia Centro,58000,(443) 313 0266,,dape@michoacán.gob.mx; centli6@hotmail.com,19.70119,-101.19729,16,53,1,Michoacán de Ocampo,Morelia,Morelia,http://sic.gob.mx/ficha.php?table=fototeca&table_id=101,2018-09-13T13:27:50-05:00
70,38,Fototeca de El Colegio de Michoacán,1000-01-01,"El Colegio de Michoacán, A.C.",Martínez de Navarrete 505,Fracc. Las Fuentes,59690,"(351) 515 71 00 exts. 1700, 1702",http://www.colmich.edu.mx,jramirez@colmich.edu.mx,19.97804,-102.27988,16,108,1,Michoacán de Ocampo,Zamora,Zamora de Hidalgo,http://sic.gob.mx/ficha.php?table=fototeca&table_id=38,2018-07-18T05:40:35-05:00
71,149,Fototeca de Abel Quezada ,1996-01-01,"Abel Quezada, A.C.",Segunda Privada  de Palmira Casa 1,Col. Palmira,62490,(777)312 76 59,,abelquezadaac@gmail.com ,18.92178,-99.23472,17,7,1,Morelos,Cuernavaca,Cuernavaca,http://sic.gob.mx/ficha.php?table=fototeca&table_id=149,2018-08-16T05:13:00-05:00
72,18,Fototeca Juan Dubernard del Centro INAH Morelos,1995-01-01,Secretaría de Cultura/INAH,Matamoros 14,Col. Acapantzingo,62440,(777) 312 31 08,http://sinafo.inah.gob.mx/foto-juan-dubernard/,fototeca.mor@inah.gob.mx,18.90893,-99.22366,17,7,1,Morelos,Cuernavaca,Cuernavaca,http://sic.gob.mx/ficha.php?table=fototeca&table_id=18,2018-07-11T07:08:14-05:00
73,125,Fototeca del Centro INAH Nayarit,1000-01-01,Secretaría de Cultura/INAH,Zapata 24,Centro,63000,(311) 212 1900,,nancy_mejia@inah.gob.mx,21.51036,-104.89281,18,17,1,Nayarit,Tepic,Tepic,http://sic.gob.mx/ficha.php?table=fototeca&table_id=125,2018-08-16T13:21:37-05:00
74,20,Fototeca del Tecnológico de Monterrey,1953-01-01,Tecnológico de Monterrey,"Jesús Cantú Leal 1524, Campus Norte edif. D-191",Col. Cerro de la Silla,64849,"(81) 8358 2000 exts. 4064, 4074, 4075",http://www.fototec.com.mx/,fototeca.mty@servicios.itesm.mx,0.0,0.0,19,39,1,Nuevo León,Monterrey,Monterrey,http://sic.gob.mx/ficha.php?table=fototeca&table_id=20,2018-07-24T07:34:23-05:00
75,118,Fototeca de Nuevo León,1990-07-13,Consejo para la Cultura y las Artes de Nuevo León,"Int. Parque Fundidora, Av. Fundidora s/n esq. Adolfo Prieto",Col. Obrera,64010,(81) 2140 3000 ext. 3008,http://conarte.org.mx/lugar/centro-de-las-artes-fototeca/,lpacheco@conarte.org.mx,25.67764,-100.28437,19,39,1,Nuevo León,Monterrey,Monterrey,http://sic.gob.mx/ficha.php?table=fototeca&table_id=118,2018-07-25T08:03:31-05:00
76,22,Centro Fotográfico Manuel Álvarez Bravo,1996-09-01,"Amigos del IAGO y del CFAB, A.C.",M. Bravo 116 esq. García Vigil,Centro Hístorico,68000,951 516 98 00,,difusion.cfab@gmail.com,17.06498,-96.72475,20,67,1,Oaxaca,Oaxaca de Juárez,Oaxaca de Juárez,http://sic.gob.mx/ficha.php?table=fototeca&table_id=22,2022-02-01T07:58:29-06:00
77,21,Fototeca del Archivo General del Estado de Oaxaca (AGEO),1997-01-01,Gobierno del Estado,"Calle Los pinos, esquina Av. Canteras s/n",Santa María Ixcotel,71228,(951)  501 22 15,http://www.archivogeneral.oaxaca.gob.mx/,jacobo.babines@oaxaca.gob.mx,17.07212,-96.74746,20,390,1,Oaxaca,Santa Lucía del Camino,Santa Lucía del Camino,http://sic.gob.mx/ficha.php?table=fototeca&table_id=21,2019-06-25T09:12:54-05:00
78,25,"Fototeca Antica, A.C.",2001-04-09,Privado,Camino de San Francisco 2-B,San José del Puente,72150,(222) 248 09 22,http://fototecaantica.net/,info@fototeca.Antica.net,19.06661,-98.24512,21,114,1,Puebla,Puebla,Heroica Puebla de Zaragoza,http://sic.gob.mx/ficha.php?table=fototeca&table_id=25,2019-04-23T11:01:36-05:00
79,119,Fototeca BUAP,1982-03-01,Benemérita Universidad Autónoma de Puebla,3 Oriente 212 ,Centro Histórico,72000,(222) 229 55 00 ext 5158,http://cmas.siu.buap.mx/portal_pprd/wb/BBUAP/fototeca,didcav@siu.buap.mx,19.04257,-98.19675,21,114,1,Puebla,Puebla,Heroica Puebla de Zaragoza,http://sic.gob.mx/ficha.php?table=fototeca&table_id=119,2019-04-23T11:08:58-05:00
80,138,Fototeca Juan Crisóstomo Méndez,1985-11-05,Secretaría de Cultura y Turismo del Gobierno del Estado de Puebla/Organismo Público Descentralizado Museos Puebla,"Parque Paseo de Gigantes, Francisco Villa 4",Col. Las Fuentes,72110,(222) 224 65  ext. 10287,http://puebla.travel/es/museos/item/fototeca-juan-crisostomo-mendez-2,fototecafonotecapuebla@outlook.com,19.09193,-98.23187,21,114,1,Puebla,Puebla,Heroica Puebla de Zaragoza,http://sic.gob.mx/ficha.php?table=fototeca&table_id=138,2019-04-23T11:09:48-05:00
81,26,"Fototeca Lorenzo Becerril, A.C.",1995-10-27,Privado,Av. 35 Pte. 101-104,Huexotitla,72534,(222) 243 92 13,https://www.facebook.com/FototecaLorenzoBecerril/info?tab=page_info,liliapue@hotmail.com,19.03128,-98.20662,21,114,1,Puebla,Puebla,Heroica Puebla de Zaragoza,http://sic.gob.mx/ficha.php?table=fototeca&table_id=26,2019-04-23T11:11:46-05:00
82,24,Fotografías y Negativos del Gobierno del Dr. Alfredo Toxqui,1978-09-08,Gobierno del Estado de Puebla,Av. Reforma 1305 Altos,Centro Histórico,72000,(222) 232 01 80,,antonio.blanco.agep@gmail.com,19.04536,-98.20051,21,114,1,Puebla,Puebla,Heroica Puebla de Zaragoza,http://sic.gob.mx/ficha.php?table=fototeca&table_id=24,2019-04-23T11:01:04-05:00
83,27,Fototeca del Centro de Documentación e Investigación Ferroviarias (CEDIF),1997-01-01,Secretaría de Cultura/Centro Nacional para la Preservación del Patrimonio Cultural Ferrocarrilero,11 Nte. 1005,Centro Histórico,72000,(222) 246 10 74,http://museoferrocarrilesmexicanos.gob.mx/fototeca,museoferrocarriles@cultura.gob.mx,19.05518,19.05518,21,114,1,Puebla,Puebla,Heroica Puebla de Zaragoza,http://sic.gob.mx/ficha.php?table=fototeca&table_id=27,2019-04-23T11:09:18-05:00
84,126,Archivo Fotográfico del Museo Regional de Querétaro,1969-01-01,Secretaría de Cultura/INAH,Corregidora 3 Sur,Centro Histórico,76000,442 212 48 88,,arturo6008@hotmail.com,20.59263,-100.39107,22,14,1,Querétaro,Querétaro,Santiago de Querétaro,http://sic.gob.mx/ficha.php?table=fototeca&table_id=126,2022-03-02T12:49:19-06:00
85,28,Archivo Histórico del Estado de Querétaro,1980-07-01,Gobierno del Estado de Querétaro,Francisco I. Madero 70 pte.,Centro Histórico,76000,(442) 227 18 36,,	 direccionestataldearchivos@queretaro.gob.mx,20.59125,-100.3962,22,14,1,Querétaro,Querétaro,Santiago de Querétaro,http://sic.gob.mx/ficha.php?table=fototeca&table_id=28,2019-07-19T06:34:55-05:00
86,7,Fondo Fotográfico de Quintana Roo,1000-01-01,Archivo General del Estado de Quintana Roo,Manuel M. Diéguez y Calz. Veracruz,Col. López Mateos,77000,(983) 832 51 79 ext. 38300,http://qroo.gob.mx/segob/age/busqueda-de-fondo-fotografico-de-quintana-roo,archivo@qroo.gob.mx,0.0,0.0,23,4,1,Quintana Roo,Othón P. Blanco,Chetumal,http://sic.gob.mx/ficha.php?table=fototeca&table_id=7,2018-07-16T04:53:08-05:00
87,9,Archivo Histórico del Estado de San Luis Potosí Lic. Antonio Rocha,1979-01-01,Gobierno del Estado de San Luis Potosí,Mariano Arista 400,Centro Histórico,78000,(444) 814 26 69,http://www.archivohistoricoslp.gob.mx,difusion@archivohistoricoslp.gob.mx,22.15286,-100.98003,24,28,1,San Luis Potosí,San Luis Potosí,San Luis Potosí,http://sic.gob.mx/ficha.php?table=fototeca&table_id=9,2019-08-14T04:18:40-05:00
88,150,"Imágenes Históricas de San Luis Potosí, A. C.",2012-04-12,,20 de Noviembre 125,Centro Histórico,78040,,https://es-la.facebook.com/groups/imageneshistoricasdesanluispotosi/,,22.15279,-100.97181,24,28,1,San Luis Potosí,San Luis Potosí,San Luis Potosí,http://sic.gob.mx/ficha.php?table=fototeca&table_id=150,2021-11-29T07:16:02-06:00
89,131,Fototeca del Museo Regional Potosino,2008-09-25,Secretaría de Cultura/INAH,Hermenegildo Galeana 450,Centro Histórico,78000,(444)  812 03 58,,museoregionalpotosino.direccion@yahoo.com.mx,22.14875,-100.97849,24,28,1,San Luis Potosí,San Luis Potosí,San Luis Potosí,http://sic.gob.mx/ficha.php?table=fototeca&table_id=131,2019-04-08T06:20:52-05:00
90,13,Fototeca de la Dirección General de Boletín Oficial y Archivo del Estado,1000-01-01,Gobierno del Estado,Garmendia 157 Sur,Centro,83000,(662) 217 0556,http://www.boletinoficial.sonora.gob.mx/boletin/,boletinoficial@sonora.gob.mx,29.07771,-110.95423,26,30,1,Sonora,Hermosillo,Hermosillo,http://sic.gob.mx/ficha.php?table=fototeca&table_id=13,2018-09-06T06:22:35-05:00
91,95,Fototeca del Archivo Histórico Municipal Juan E. Richer,1989-01-01,Ayuntamiento de Nuevo Laredo,Av. César López de Lara 1106,Centro,88000,(867) 712 34 85,http://www.conaculta.gob.mx/cimagen/catalogo/amuni21.html,,0.0,0.0,28,27,1,Tamaulipas,Nuevo Laredo,Nuevo Laredo,http://sic.gob.mx/ficha.php?table=fototeca&table_id=95,2018-07-17T06:01:13-05:00
92,15,Archivo Histórico de Tampico Carlos González Salas,1993-01-01,Ayuntamiento de Tampico,Lauro Aguirre 105,Col. Melchor Ocampo,89260,(833) 305 26 30 y 31,http://www.tampico.gob.mx,archivo.histórico@tampico.gob.mx,0.0,0.0,28,38,1,Tamaulipas,Tampico,Tampico,http://sic.gob.mx/ficha.php?table=fototeca&table_id=15,2018-07-13T05:50:43-05:00
93,139,Fototeca del Archivo General e Histórico del Estado de Tamaulipas,1000-01-01,Gobierno del Estado de Tamaulipas,Prol. Blvd. Praxedis Balboa. Libramiento Naciones Unidas,Parque Bicentenario,87083,(834) 318 50 80,,archivo.general@tamaulipas.gob.mx,23.73065,-99.1253,28,41,1,Tamaulipas,Victoria,Ciudad Victoria,http://sic.gob.mx/ficha.php?table=fototeca&table_id=139,2018-07-17T04:33:24-05:00
94,16,Archivo General del Estado de Veracruz,1990-12-27,Gobierno del Estado de Veracruz,Hermenegildo Galeana s/n esq. Venustiano Carranza,Col. Francisco I. Madero,91070,(228) 818 69 36,,agev@veracruz.gob.mx,19.52428,-96.93222,30,87,1,Veracruz de Ignacio de la Llave,Xalapa,Xalapa-Enríquez,http://sic.gob.mx/ficha.php?table=fototeca&table_id=16,2018-07-19T05:35:26-05:00
95,132,Fototeca del Instituto de Artes Plásticas de la Universidad Veracruzana,1000-01-01,Universidad Veracruzana,Av. 1° de Mayo 21,Col. Obrero Campesina,91130,(228) 840 32 44,http://www.uv.mx/iap/,pixquiac@gmail.com,19.55009,-96.93083,30,87,1,Veracruz de Ignacio de la Llave,Xalapa,Xalapa-Enríquez,http://sic.gob.mx/ficha.php?table=fototeca&table_id=132,2021-11-10T08:36:35-06:00
96,17,Fototeca de Veracruz Juan Malpica Mimendi,1998-11-27,Instituto Veracruzano de la Cultura/Subdirección de Artes y Patrimonio,Callejón El Portal de Miranda 9,Centro Histórico,91700,(229) 932 87 67,,fototecadeveracruz2014@outlook.com,19.2002,-96.13787,30,193,1,Veracruz de Ignacio de la Llave,Veracruz,Veracruz,http://sic.gob.mx/ficha.php?table=fototeca&table_id=17,2018-07-23T10:37:15-05:00
97,120,Fototeca del Centro INAH Veracruz,1995-01-01,Conaculta/INAH,Benito Juárez 425 ,Centro Histórico,91700,(229) 934 99 81,http://sinafo.inah.gob.mx/foto-cinah-ver/,difusionciver@prodigy.net.mx,19.19965,-96.14184,30,193,1,Veracruz de Ignacio de la Llave,Veracruz,Veracruz,http://sic.gob.mx/ficha.php?table=fototeca&table_id=120,2018-10-03T08:54:22-05:00
98,3,Fototeca Pedro Guerra,1977-01-01,Universidad Autónoma de Yucatán,Calle 76 núm. 455 -LL entre 41 y 43,Centro,97000,(999) 925 45 24,http://fototeca.antropologia.uady.mx/index.php,cinthya.cruz@correo.uady.mx ,20.98021,-89.63129,31,50,1,Yucatán,Mérida,Mérida,http://sic.gob.mx/ficha.php?table=fototeca&table_id=3,2018-05-11T12:06:22-05:00
99,137,Fondo Audiovisual,1000-01-01,Centro de Apoyo a la Investigación Histórica de Yucatán,Calle 64 núm. 518,Centro,97000,(999) 923 11 80,http://www.bibliotecavirtualdeyucatan.com.mx/biblioteca.php,patrimonio.icy@yucatan.gob.mx ,20.96506,-89.62632,31,50,1,Yucatán,Mérida,Mérida,http://sic.gob.mx/ficha.php?table=fototeca&table_id=137,2018-05-11T12:37:02-05:00
100,4,Fototeca del Centro INAH Yucatán,1000-01-01,Secretaría de Cultura/INAH,Antigua Carr. a Progreso km 6.5,Gonzalo Guerrero,97310,(999) 944 00 33,,inahyuc@prodigy.net.mx,21.02606,-89.62549,31,50,1,Yucatán,Mérida,Mérida,http://sic.gob.mx/ficha.php?table=fototeca&table_id=4,2018-05-11T13:08:42-05:00
101,134,Fototeca del Estado de Zacatecas Pedro Valtierra,2006-01-01,Instituto Zacatecano de Cultura Ramón López Velarde,Fernando Villalpando 406,Centro Histórico,98000,(492) 924 20 15,https://www.facebook.com/search/top/?q=fototecadezacatecas,fototecadezacatecas@gmail.com,22.77496,-102.57439,32,56,1,Zacatecas,Zacatecas,Zacatecas,http://sic.gob.mx/ficha.php?table=fototeca&table_id=134,2019-06-04T07:20:55-05:00
