,zona_arqueologica_id,zona_arqueologica_nombre,zona_arqueologica_fecha_fundacion,zona_arqueologica_calle_numero,zona_arqueologica_colonia,zona_arqueologica_cp,zona_arqueologica_telefono1,pagina_web,email,gmaps_latitud,gmaps_longitud,estado_id,municipio_id,localidad_id,nom_ent,nom_mun,nom_loc,link_sic,fecha_mod
0,1,El Vallecito,1000-01-01,,,,686 552 35 91,http://www.inah.gob.mx/zonas/58-zona-arqueologica-el-vallecito,direccion.bc@inah.gob.mx,32.54066,-116.0969,2,3,0,Baja California,Tecate,TOTAL DEL MUNICIPIO,http://sic.gob.mx/ficha.php?table=zona_arqueologica&table_id=1,2021-12-06T15:12:44-06:00
1,160,Cueva La Música,1000-01-01,Camino a San Francisco de la Sierra Km 36,,,612 12 2 73 89,http://www.inah.gob.mx/es/zonas/59-zona-arqueologica-de-la-sierra-de-san-francisco,sierrasanfrancisco@hotmail.com,27.61319,-113.03408,3,2,0,Baja California Sur,Mulegé,TOTAL DEL MUNICIPIO,http://sic.gob.mx/ficha.php?table=zona_arqueologica&table_id=160,2022-05-25T07:39:32-05:00
2,158,Cueva La Pintada,1000-01-01,Camino a San Francisco de la Sierra Km 36,,,612 12 2 73 89,http://www.inah.gob.mx/es/zonas/59-zona-arqueologica-de-la-sierra-de-san-francisco,sierrasanfrancisco@hotmail.com,27.61319,-113.03408,3,2,0,Baja California Sur,Mulegé,TOTAL DEL MUNICIPIO,http://sic.gob.mx/ficha.php?table=zona_arqueologica&table_id=158,2022-05-25T07:26:17-05:00
3,161,Cueva Las Flechas,1000-01-01,Camino a San Francisco de la Sierra Km 36,,,612 12 2 73 89,http://www.inah.gob.mx/es/zonas/59-zona-arqueologica-de-la-sierra-de-san-francisco,sierrasanfrancisco@hotmail.com,27.61319,-113.03408,3,2,0,Baja California Sur,Mulegé,TOTAL DEL MUNICIPIO,http://sic.gob.mx/ficha.php?table=zona_arqueologica&table_id=161,2022-05-25T11:43:16-05:00
4,157,Cueva Cuesta Palmarito,1000-01-01,Camino a San Francisco de la Sierra Km 36,,,612 12 2 73 89,http://www.inah.gob.mx/es/zonas/59-zona-arqueologica-de-la-sierra-de-san-francisco,sierrasanfrancisco@hotmail.com,27.61319,-113.03408,3,2,0,Baja California Sur,Mulegé,TOTAL DEL MUNICIPIO,http://sic.gob.mx/ficha.php?table=zona_arqueologica&table_id=157,2022-05-25T07:37:39-05:00
5,162,Cueva Boca San Julio,1000-01-01,Camino a San Francisco de la Sierra Km 36,,,612 12 2 73 89,http://www.inah.gob.mx/es/zonas/59-zona-arqueologica-de-la-sierra-de-san-francisco,sierrasanfrancisco@hotmail.com,27.61319,-113.03408,3,2,0,Baja California Sur,Mulegé,TOTAL DEL MUNICIPIO,http://sic.gob.mx/ficha.php?table=zona_arqueologica&table_id=162,2022-05-25T11:40:44-05:00
6,172,Cueva La Soledad,1000-01-01,Camino a San Francisco de la Sierra Km 36,,,612 12 2 73 89,http://www.inah.gob.mx/es/zonas/59-zona-arqueologica-de-la-sierra-de-san-francisco,sierrasanfrancisco@hotmail.com,27.61319,-113.03408,3,2,0,Baja California Sur,Mulegé,TOTAL DEL MUNICIPIO,http://sic.gob.mx/ficha.php?table=zona_arqueologica&table_id=172,2022-05-25T11:37:55-05:00
7,2,Cueva El Ratón,1000-01-01,Camino a San Francisco de la Sierra Km 36,,,612 12 2 73 89,http://www.inah.gob.mx/es/zonas/59-zona-arqueologica-de-la-sierra-de-san-francisco,sierrasanfrancisco@hotmail.com,27.59101,-113.02377,3,2,0,Baja California Sur,Mulegé,TOTAL DEL MUNICIPIO,http://sic.gob.mx/ficha.php?table=zona_arqueologica&table_id=2,2022-05-25T11:34:32-05:00
8,9,Edzná,1000-01-01,"Carr. Federal Campeche-Edzná, KM. 55 (localizado en el entronque con el Km 45 de la Carr. Núm. 188)",,,"981 816 91 11, 981 816 81 79 ext. 138017",http://www.inah.gob.mx/zonas/65-zona-arqueologica-edzna,candelaria_duarte@inah.gob.mx; direccion.camp@inah.gob.mx,19.5974,-90.23051,4,2,0,Campeche,Campeche,TOTAL DEL MUNICIPIO,http://sic.gob.mx/ficha.php?table=zona_arqueologica&table_id=9,2021-12-06T12:33:58-06:00
9,13,Xcalumkín,1000-01-01,,,,"981 816 91 11, 981 816 81 79 ext. 138017",http://www.inah.gob.mx/zonas/70-zona-arqueologica-de-xcalumkin,candelaria_duarte@inah.gob.mx; direccion.camp@inah.gob.mx,20.17037,-90.01031,4,5,0,Campeche,Hecelchakán,TOTAL DEL MUNICIPIO,http://sic.gob.mx/ficha.php?table=zona_arqueologica&table_id=13,2021-12-06T14:46:11-06:00
10,148,Tabasqueño,1000-01-01,,,,"981 816 91 11, 981 816 81 79 ext. 138017",http://www.inah.gob.mx/zonas/76-zona-arqueologica-de-tabasqueno,candelaria_duarte@inah.gob.mx; direccion.camp@inah.gob.mx,19.50051,-89.78386,4,6,0,Campeche,Hopelchén,TOTAL DEL MUNICIPIO,http://sic.gob.mx/ficha.php?table=zona_arqueologica&table_id=148,2021-12-06T15:09:22-06:00
11,147,Tohcok,1000-01-01,,,,981 816 81 79,http://www.inah.gob.mx/zonas/69-zona-arqueologica-de-tohcok,zarqueologicas.camp@inah.gob.mx,19.77022,-89.8752,4,6,0,Campeche,Hopelchén,TOTAL DEL MUNICIPIO,http://sic.gob.mx/ficha.php?table=zona_arqueologica&table_id=147,2021-12-06T13:21:41-06:00
12,11,Hochob,1000-01-01,,,,981 816 91 11,http://www.inah.gob.mx/zonas/77-zona-arqueologica-hochob,direccion.camp@inah.gob.mx,19.40883,-89.77053,4,6,0,Campeche,Hopelchén,TOTAL DEL MUNICIPIO,http://sic.gob.mx/ficha.php?table=zona_arqueologica&table_id=11,2021-12-06T12:42:53-06:00
13,7,Chunhuhub,1000-01-01,Entronque hacia Xculoc de la Carr. Federal Mérida-Chenes núm. 261.,,,"981 816 9111, 981 816 8179 exts.138016, 138017.",http://www.inah.gob.mx/zonas/64-zona-arqueologica-de-chunhuhub,abenavidez.camp@inah.gob.mx,20.15765,-89.7963,4,6,0,Campeche,Hopelchén,TOTAL DEL MUNICIPIO,http://sic.gob.mx/ficha.php?table=zona_arqueologica&table_id=7,2021-12-06T12:19:40-06:00
14,10,Santa Rosa Xtampak,1000-01-01,Camino a Santa Rosa Xtampak km. 32,,,981 816 81 79,http://www.inah.gob.mx/zonas/68-zona-arqueologica-de-santa-rosa-xtampak,direccion.camp@inah.gob.mx,19.77249,-89.59744,4,6,0,Campeche,Hopelchén,TOTAL DEL MUNICIPIO,http://sic.gob.mx/ficha.php?table=zona_arqueologica&table_id=10,2021-12-06T15:03:31-06:00
15,8,Dzibilnocac,1000-01-01,,,,981 816 81 79,http://www.inah.gob.mx/zonas/75-zona-arqueologica-dzibilnocac,direccion.camp@inah.gob.mx,19.57815,-89.59496,4,6,0,Campeche,Hopelchén,TOTAL DEL MUNICIPIO,http://sic.gob.mx/ficha.php?table=zona_arqueologica&table_id=8,2021-12-06T12:25:42-06:00
16,146,Kankí,1000-01-01,"Entronque Tenabo-Kankí, km 38 de la Carr. Campeche-Mérida 180",,,981 816 81 79,http://www.inah.gob.mx/zonas/67-zona-arqueologica-de-kanki,direccion.camp@inah.gob.mx,19.991,-90.1168,4,8,0,Campeche,Tenabo,TOTAL DEL MUNICIPIO,http://sic.gob.mx/ficha.php?table=zona_arqueologica&table_id=146,2021-12-06T13:11:35-06:00
17,5,Calakmul,1000-01-01,Camino a la reserva de la biósfera de Calakmul km 60,,,981 816 81 79,http://www.inah.gob.mx/zonas/62-zona-arqueologica-de-calakmul,direccion.camp@inah.gob.mx,18.1051,-89.81106,4,10,0,Campeche,Calakmul,TOTAL DEL MUNICIPIO,http://sic.gob.mx/ficha.php?table=zona_arqueologica&table_id=5,2021-12-06T12:06:16-06:00
18,3,Balamkú,1000-01-01,Entronque con el Km 93 de la Carr. Federal Escárcega-Chetumal 186,,,981 816 91 11,http://www.inah.gob.mx/zonas/60-zona-arqueologica-de-balamku,direccion.camp@inah.gob.mx,18.55963,-89.94525,4,10,0,Campeche,Calakmul,TOTAL DEL MUNICIPIO,http://sic.gob.mx/ficha.php?table=zona_arqueologica&table_id=3,2021-12-06T08:21:54-06:00
19,12,Hormiguero ,1000-01-01,Eugenio Echeverría Castellot  2 ,,,981 816 81 79,http://www.inah.gob.mx/zonas/113-zona-arqueologica-hormiguero,direccion.camp@inah.gob.mx,18.40992,-89.49282,4,10,0,Campeche,Calakmul,TOTAL DEL MUNICIPIO,http://sic.gob.mx/ficha.php?table=zona_arqueologica&table_id=12,2021-12-06T12:46:59-06:00
20,6,Chicanná,1000-01-01,Entronque con el km 140 de la Carr. Federal 186,,,981 816 81 79,http://www.inah.gob.mx/zonas/63-zona-arqueologica-chicanna,direccion.camp@inah.gob.mx,18.50698,-89.48623,4,10,0,Campeche,Calakmul,TOTAL DEL MUNICIPIO,http://sic.gob.mx/ficha.php?table=zona_arqueologica&table_id=6,2021-12-06T12:11:28-06:00
21,145,Nadzca'an,1000-01-01,,,,981 816 91 36,http://www.inah.gob.mx/es/zonas/189-zona-arqueologica-nadzca-an,direccion.camp@inah.gob.mx,18.6066,-89.85013,4,10,0,Campeche,Calakmul,TOTAL DEL MUNICIPIO,http://sic.gob.mx/ficha.php?table=zona_arqueologica&table_id=145,2022-05-25T11:54:19-05:00
22,14,Xpuhil,1000-01-01,Carr. Federal 186 Escárcega -Chetumal  km 156,Col. Aviación,24640,981 816 81 79,http://www.inah.gob.mx/zonas/71-zona-arqueologica-xpuhil,zarqueologicas.camp@inah.gob.mx,18.51024,-89.4039,4,10,0,Campeche,Calakmul,TOTAL DEL MUNICIPIO,http://sic.gob.mx/ficha.php?table=zona_arqueologica&table_id=14,2022-05-25T11:49:09-05:00
23,4,Becán,1000-01-01,,,,981 816 91 11,http://www.inah.gob.mx/zonas/61-zona-arqueologica-de-becan,direccion.camp@inah.gob.mx,18.51721,-89.46697,4,10,0,Campeche,Calakmul,TOTAL DEL MUNICIPIO,http://sic.gob.mx/ficha.php?table=zona_arqueologica&table_id=4,2021-12-06T11:59:05-06:00
24,144,El Tigre (itzamkanac),1000-01-01,"Carr. Federal 261, km 76",,,981 816 91 36 ext. 138016,http://www.inah.gob.mx/zonas/66-zona-arqueologica-el-tigre,direccion.camp@inah.gob.mx,18.12157,-90.83695,4,11,0,Campeche,Candelaria,TOTAL DEL MUNICIPIO,http://sic.gob.mx/ficha.php?table=zona_arqueologica&table_id=144,2021-12-06T13:15:13-06:00
25,220,Zona paleontológica Rincón Colorado,2018-11-21,"Carr. Saltillo-Torreón, km 43.5",,,,https://inah.gob.mx/boletines/7782-rincon-colorado-primera-zona-paleontologica-abierta-al-publico-en-el-pais,,25.50697,-101.34694,5,11,0,Coahuila de Zaragoza,General Cepeda,TOTAL DEL MUNICIPIO,http://sic.gob.mx/ficha.php?table=zona_arqueologica&table_id=220,2022-01-24T08:25:20-06:00
26,25,El Chanal,1000-01-01,Calle Bonampak Acceso desde la Av. Tercer Anillo Periférico y su entronque con la Av. Venustiano Carranza,,,312 313 49 45,http://www.inah.gob.mx/es/zonas/151-zona-arqueologica-el-chanal,direccion.col@inah.gob.mx,19.29295,-103.70543,6,2,0,Colima,Colima,TOTAL DEL MUNICIPIO,http://sic.gob.mx/ficha.php?table=zona_arqueologica&table_id=25,2022-01-17T09:47:48-06:00
27,24,La Campana,1000-01-01,"Av. Periférico Nte. entre el Tecnológico de Colima y el Arroyo Pereira, al noroeste de la ciudad de Colima",,28037,312 313 49 46,http://www.inah.gob.mx/es/zonas/53-zona-arqueologica-cerro-de-la-campana,direccion.col@inah.gob.mx,19.2683,-103.72539,6,10,0,Colima,Villa de Álvarez,TOTAL DEL MUNICIPIO,http://sic.gob.mx/ficha.php?table=zona_arqueologica&table_id=24,2022-01-17T09:39:48-06:00
28,19,Tenam Puente,1000-01-01,"Camino a a Baños de Santa Rita Uninajab, Km. 4 + 950 (aprox.)",,,,http://www.inah.gob.mx/zonas/175-zona-arqueologica-de-tenam-puente,,16.14127,-92.10831,7,19,0,Chiapas,Comitán de Domínguez,TOTAL DEL MUNICIPIO,http://sic.gob.mx/ficha.php?table=zona_arqueologica&table_id=19,2022-01-21T08:38:17-06:00
29,193,Chiapa de Corzo,2009-01-01,Miguel Hidalgo s/n,Barrio Benito Juárez,29160,961 612 83 60,http://www.inah.gob.mx/zonas/116-zona-arqueologica-chiapa-de-corzo,miguel_riva@inah.gob.mx,16.70321,-93.00367,7,27,0,Chiapas,Chiapa de Corzo,TOTAL DEL MUNICIPIO,http://sic.gob.mx/ficha.php?table=zona_arqueologica&table_id=193,2022-01-18T10:16:56-06:00
30,21,Yaxchilán,1000-01-01,"Acceso por la Carretera No. 307, crucero a Frontera Corozal, a través del Río Usumacinta",,,961 612 83 60 ,https://inah.gob.mx/zonas/30-zona-arqueologica-de-yaxchilan,,16.8996,-90.96451,7,59,0,Chiapas,Ocosingo,TOTAL DEL MUNICIPIO,http://sic.gob.mx/ficha.php?table=zona_arqueologica&table_id=21,2022-01-21T08:54:51-06:00
31,20,Toniná,1000-01-01,Camino a Rancho Toniná km 1 + 100,,,,https://inah.gob.mx/zonas/29-zona-arqueologica-de-tonina,,16.90127,-92.00943,7,59,0,Chiapas,Ocosingo,TOTAL DEL MUNICIPIO,http://sic.gob.mx/ficha.php?table=zona_arqueologica&table_id=20,2022-01-21T08:43:23-06:00
32,15,Bonampak,1000-01-01,"Camino (de terracería) a Bonampak Km. 8 (aprox.), Lacanjá–Chansayab",,,916 345 27 05,https://inah.gob.mx/zonas/31-zona-arqueologica-de-bonampak,direccioninahchiapas@hotmail.com,16.70398,-91.06525,7,59,0,Chiapas,Ocosingo,TOTAL DEL MUNICIPIO,http://sic.gob.mx/ficha.php?table=zona_arqueologica&table_id=15,2022-01-17T10:35:43-06:00
33,17,Palenque,1000-01-01,Carr. Palenque-las ruinas,,29960,916 345 27 05,http://www.inah.gob.mx/zonas/163-zona-arqueologica-palenque,keiko_teranishi@inah.gob.mx,17.48508,-92.04806,7,65,0,Chiapas,Palenque,TOTAL DEL MUNICIPIO,http://sic.gob.mx/ficha.php?table=zona_arqueologica&table_id=17,2022-01-20T07:17:05-06:00
34,202,Iglesia Vieja,2012-12-01,Camino a Iglesia Vieja Km. 9,,,961 612 83 60,http://www.inah.gob.mx/zonas/39-zona-arqueologica-de-iglesia-vieja,franciscoroger_lopez@inah.gob.mx,16.13144,-93.74732,7,97,0,Chiapas,Tonalá,TOTAL DEL MUNICIPIO,http://sic.gob.mx/ficha.php?table=zona_arqueologica&table_id=202,2022-01-18T10:21:18-06:00
35,16,Chinkultic ,1000-01-01,Se localiza a 47 kilómetros de la ciudad de Comitán y a 34 de La Trinitaria,,,961 612 83 60,http://www.inah.gob.mx/zonas/147-zona-arqueologica-de-chinkultic,gabriel_lalo@inah.gob.mx,16.12387,-91.7813,7,99,0,Chiapas,La Trinitaria,TOTAL DEL MUNICIPIO,http://sic.gob.mx/ficha.php?table=zona_arqueologica&table_id=16,2022-01-18T10:10:27-06:00
36,201,Lagartero,2012-11-29,"Camino a Ejido Cristóbal Colón Km. 11 + 400 (aprox. al ejido), Municipio de La Trinitaria, Chiapas. Acceso al camino desde el Km. 56.7 (aprox.) de la Carretera Panamericana de Comitán-Cd. Cuáuhtemoc.",,,961 612 83 60,http://www.inah.gob.mx/zonas/18-zona-arqueologica-de-lagartero, rosa_guillen@inah.gob.mx,15.82763,-91.88415,7,99,0,Chiapas,La Trinitaria,TOTAL DEL MUNICIPIO,http://sic.gob.mx/ficha.php?table=zona_arqueologica&table_id=201,2022-01-18T10:41:03-06:00
37,18,Izapa,1000-01-01,"11 km de Tapachula, Chiapas y a 7 km de la frontera con Guatemala",,,961 612 83 60,http://www.inah.gob.mx/zonas/156-zona-arqueologica-de-izapa,,14.91352,-92.18442,7,102,0,Chiapas,Tuxtla Chico,TOTAL DEL MUNICIPIO,http://sic.gob.mx/ficha.php?table=zona_arqueologica&table_id=18,2022-01-18T10:33:26-06:00
38,22,Paquimé,1000-01-01,Independencia Zona de Monumentos Arqueológicos de Paquimé 100,Col. Casas Grandes,31850,636 692  41 40 ,http://www.inah.gob.mx/es/zonas/72-zona-arqueologica-paquime,mauricio_salgado@inah.gob.mx,30.36608,-107.94777,8,13,0,Chihuahua,Casas Grandes,TOTAL DEL MUNICIPIO,http://sic.gob.mx/ficha.php?table=zona_arqueologica&table_id=22,2022-01-24T08:15:52-06:00
39,178,Cueva de la Olla,1000-01-01,Camino a rancho Casa Blanca-Cueva de la Olla,,,614 410 87 33,http://www.inah.gob.mx/es/zonas/117-zona-arqueologica-cueva-de-la-olla,direccion.chih@inah.gob.mx,30.17257,-108.31483,8,13,0,Chihuahua,Casas Grandes,TOTAL DEL MUNICIPIO,http://sic.gob.mx/ficha.php?table=zona_arqueologica&table_id=178,2022-01-24T07:56:22-06:00
40,179,Cueva Grande,1000-01-01,"Camino a Huapoca-Cueva Grande, en el paraje conocido como Arroyo de la Cueva que desemboca al Río Papigochi",,,614 410 39 48 Centro Inah,http://www.inah.gob.mx/es/zonas/170-zona-arqueologica-cueva-grande,jorge_carrera@inah.gob.mx,29.18876,-108.3427,8,40,0,Chihuahua,Madera,TOTAL DEL MUNICIPIO,http://sic.gob.mx/ficha.php?table=zona_arqueologica&table_id=179,2022-01-21T09:02:33-06:00
41,23,Cuarenta Casas,1000-01-01,"Carr. Ciudad Madera-Mesa del Huracán Km. 42.5, El Vallecito",,31940,614 410 39 48 ext. 178040,https://www.inah.gob.mx/zonas/168-zona-arqueologica-cuarenta-casas,jorge_carrera@inah.gob.mx,29.55138,-108.16341,8,40,0,Chihuahua,Madera,TOTAL DEL MUNICIPIO,http://sic.gob.mx/ficha.php?table=zona_arqueologica&table_id=23,2022-01-21T08:58:15-06:00
42,180,Huapoca,1000-01-01,"Acceso al camino que dirige a Huapoca con en el entronque de la Av. Independencia en Madera, Chihuahua",,,614  410 39 48,http://www.inah.gob.mx/es/zonas/169-zona-arqueologica-huapoca,jorge_carrera@inah.gob.mx,29.211,-108.32937,8,40,0,Chihuahua,Madera,TOTAL DEL MUNICIPIO,http://sic.gob.mx/ficha.php?table=zona_arqueologica&table_id=180,2022-01-21T09:12:02-06:00
43,26,Cerro de la Estrella,1000-01-01,"Calz. Ermita-Iztapalapa esq. Av. Rojo Gómez<br>Carr. Escénica al Cerro de la Estrella s/n, km 2",Col. Ampliación Veracruzana,09856,55 5522 4446,http://www.inah.gob.mx/es/zonas/27-zona-arqueologica-cerro-de-la-estrella,,19.34387,-99.08979,9,7,0,Distrito Federal,Iztapalapa,TOTAL DEL MUNICIPIO,http://sic.gob.mx/ficha.php?table=zona_arqueologica&table_id=26,2022-05-31T10:10:45-05:00
44,27,Cuicuilco,1000-01-01,Av. Insurgentes Sur 146 esq. Periférico Sur,Col. La Joya,14030,55 5606 9758,http://www.inah.gob.mx/es/zonas/119-zona-arqueologica-cuicuilco,cuicuilco1985@gmail.com; zacuicuilco_inah@inah.gob.mx,19.30169,-99.18165,9,12,0,Distrito Federal,Tlalpan,TOTAL DEL MUNICIPIO,http://sic.gob.mx/ficha.php?table=zona_arqueologica&table_id=27,2022-01-24T10:01:04-06:00
45,223,Mixcoac,2019-08-24,Pirámide 7 esq. Av. San Antonio y Periférico,Col. San Pedro de los Pinos,03800,,https://www.inah.gob.mx/zonas/9393-zona-arqueologica-de-mixcoac,,19.38628,-99.18989,9,14,0,Distrito Federal,Benito Juárez,TOTAL DEL MUNICIPIO,http://sic.gob.mx/ficha.php?table=zona_arqueologica&table_id=223,2022-02-25T09:28:37-06:00
46,28,Templo Mayor,1000-01-01,Guatemala 60,Centro Histórico,06060,55 5542 0256,http://www.templomayor.inah.gob.mx,n.mntm@inah.gob.mx; edutemplomayor@inah.gob.mx ,19.43495,-99.13144,9,15,0,Distrito Federal,Cuauhtémoc,TOTAL DEL MUNICIPIO,http://sic.gob.mx/ficha.php?table=zona_arqueologica&table_id=28,2022-01-25T07:12:19-06:00
47,29,Tlatelolco,1000-01-01,Eje Central Lázaro Cárdenas esq. Flores Magón,Col. Nonoalco-Tlatelolco,06900,55 5782 2240,http://www.inah.gob.mx/es/zonas/118-zona-arqueologica-tlatelolco,za.tlatelolco@inah.gob.mx,19.45112,-99.13742,9,15,0,Distrito Federal,Cuauhtémoc,TOTAL DEL MUNICIPIO,http://sic.gob.mx/ficha.php?table=zona_arqueologica&table_id=29,2022-01-25T07:17:00-06:00
48,30,La Ferrería,1000-01-01,Carr. a Lerdo de Tejada Km 2,Ejido La Ferrería,,618 128 4413,http://www.inah.gob.mx/es/zonas/73-zona-arqueologica-la-ferreria,direccion.dgo@inah.gob.mx,23.96088,-104.64911,10,5,0,Durango,Durango,TOTAL DEL MUNICIPIO,http://sic.gob.mx/ficha.php?table=zona_arqueologica&table_id=30,2022-01-25T07:30:16-06:00
49,192,Peralta,2008-12-04,Ramal de Carretera estatal Abasolo-Huanímaro,Col. San Jose de Peralta,,473 733 10 69,http://www.inah.gob.mx/es/zonas/8-zona-arqueologica-peralta,delegacion_gto@inah.gob.mx,20.47196,-101.40952,11,1,0,Guanajuato,Abasolo,TOTAL DEL MUNICIPIO,http://sic.gob.mx/ficha.php?table=zona_arqueologica&table_id=192,2022-01-25T07:45:56-06:00
50,190,Cañada de la Virgen,2011-02-11,"Carr. San Miguel de Allende Km. 10, San Miguel de Allende, Gto.",,,"473 10 22 700 exts. 105, 133",http://www.inah.gob.mx/es/zonas/79-zona-arqueologica-canada-de-la-virgen,jlvazquezg@guanajuato.gob.mx,20.8582,-100.9283,11,3,0,Guanajuato,San Miguel de Allende,TOTAL DEL MUNICIPIO,http://sic.gob.mx/ficha.php?table=zona_arqueologica&table_id=190,2022-01-25T07:37:32-06:00
51,196,El Cóporo,2012-07-20,Camino al Cóporo km 4 (aprox.),,,473 733 08 57,http://www.inah.gob.mx/es/zonas/26-zona-arqueologica-el-coporo,delegacion_gto@inah.gob.mx,21.47759,-101.4588,11,22,0,Guanajuato,Ocampo,TOTAL DEL MUNICIPIO,http://sic.gob.mx/ficha.php?table=zona_arqueologica&table_id=196,2022-01-25T07:33:07-06:00
52,175,Plazuelas,2006-03-10,Carr. federal 90 tramo Irapuato-La Piedad,San Juan el Alto Plazuelas,,"473 10 22 700 exts. 105, 133",http://www.inah.gob.mx/es/zonas/74-zona-arqueologica-plazuelas,delegacion_gto@inah.gob.mx,20.40172,-101.82781,11,23,0,Guanajuato,Pénjamo,TOTAL DEL MUNICIPIO,http://sic.gob.mx/ficha.php?table=zona_arqueologica&table_id=175,2022-02-25T09:54:00-06:00
53,219,Arroyo seco,2018-03-24,"Carr. estatal 110 (Tierra Blanca-Victoria-San Luis de La Paz), a 2.5 km al sureste de la localidad Victoria",,,,http://cultura.guanajuato.gob.mx/index.php/arroyo-seco/,jlvazquezg@guanajuato.gob.mx,21.19319,-100.20604,11,43,0,Guanajuato,Victoria,TOTAL DEL MUNICIPIO,http://sic.gob.mx/ficha.php?table=zona_arqueologica&table_id=219,2022-01-25T12:54:25-06:00
54,51,La Sabana,1000-01-01,Ejido La Sabana,Col. 5 de mayo,,747 471 71 21,http://www.inah.gob.mx/es/zonas/38-zona-arqueologica-de-la-sabana,direccion.gro@inah.gob.mx,16.8628,-99.82308,12,1,0,Guerrero,Acapulco de Juárez,TOTAL DEL MUNICIPIO,http://sic.gob.mx/ficha.php?table=zona_arqueologica&table_id=51,2022-01-25T12:50:41-06:00
55,50,Palma Sola,1000-01-01,Av. Palma Sola s/n,Col. Palma Sola,,744 486 15 14,http://www.inah.gob.mx/es/zonas/36-zona-arqueologica-de-palma-sola,direccion.gro@inah.gob.mx,16.89007,-99.90038,12,1,0,Guerrero,Acapulco de Juárez,TOTAL DEL MUNICIPIO,http://sic.gob.mx/ficha.php?table=zona_arqueologica&table_id=50,2022-04-01T07:27:21-06:00
56,45,Teopantecuanitlán,1000-01-01,Principal s/n,Las Tinajas,,747 471 71 21,http://www.inah.gob.mx/es/zonas/42-zona-arqueologica-de-teopantecuanitlan,direccion.gro@inah.gob.mx,17.90537,-99.10874,12,19,0,Guerrero,Copalillo,TOTAL DEL MUNICIPIO,http://sic.gob.mx/ficha.php?table=zona_arqueologica&table_id=45,2022-01-25T13:25:03-06:00
57,191,Tehuacalco,2008-12-16,,,,747 472 26 04,http://www.inah.gob.mx/es/zonas/174-zona-arqueologica-tehuacalco,direccion.gro@inah.gob.mx,16.8628,-99.82308,12,29,0,Guerrero,Chilpancingo de los Bravo,TOTAL DEL MUNICIPIO,http://sic.gob.mx/ficha.php?table=zona_arqueologica&table_id=191,2022-01-25T13:20:40-06:00
58,49,Huamuxtitlán,1000-01-01,Galeana s/n,Centro,41200,747 471 71 21,http://www.inah.gob.mx/es/zonas/40-zona-arqueologica-de-huamuxtitlan,direccion.gro@inah.gob.mx,17.79885,-98.56503,12,33,0,Guerrero,Huamuxtitlán,TOTAL DEL MUNICIPIO,http://sic.gob.mx/ficha.php?table=zona_arqueologica&table_id=49,2022-01-25T12:27:57-06:00
59,47,Cuetlajuchitlán (Los Querende),1000-01-01,Km 181 Carr. Num. 95 (tramo Cuernavaca-Acapulco),,,747 471 71 21,http://www.inah.gob.mx/es/zonas/188-zona-arqueologica-cuetlajuchitlan-o-los-querende,direccion.gro@inah.gob.mx,18.20448,-99.21089,12,34,0,Guerrero,Huitzuco de los Figueroa,TOTAL DEL MUNICIPIO,http://sic.gob.mx/ficha.php?table=zona_arqueologica&table_id=47,2022-04-01T06:45:53-06:00
60,44,Ixcateopan,1000-01-01,5 de mayo (Gral. Vicente Guerrero Saldaña) s/n,,40430,747 471 71 21,http://www.inah.gob.mx/es/zonas/37-zona-arqueologica-de-ixcateopan,direccion.gro@inah.gob.mx,17.62024,-98.52001,12,37,0,Guerrero,Ixcateopan de Cuauhtémoc,TOTAL DEL MUNICIPIO,http://sic.gob.mx/ficha.php?table=zona_arqueologica&table_id=44,2022-02-04T10:13:52-06:00
61,210,Soledad de Maciel,2012-01-01,Camino vecinal a Soledad de Maciel Km 3 + 700 (aprox.),,,747 4 71 71 21,http://www.inah.gob.mx/es/zonas/48-zona-arqueologica-soledad-de-maciel,direccion.gro@inah.gob.mx,17.52639,-101.33333,12,48,0,Guerrero,Petatlán,TOTAL DEL MUNICIPIO,http://sic.gob.mx/ficha.php?table=zona_arqueologica&table_id=210,2022-02-25T09:59:56-06:00
62,48,Los Tepoltzis,1000-01-01,,,,747 471 71 21,http://www.inah.gob.mx/es/zonas/41-zona-arqueologica-los-tepoltzis,direccion.gro@inah.gob.mx,17.60057,-99.39735,12,61,0,Guerrero,Tixtla de Guerrero,TOTAL DEL MUNICIPIO,http://sic.gob.mx/ficha.php?table=zona_arqueologica&table_id=48,2022-05-30T12:00:05-05:00
63,46,La Organera  Xochipala,2002-01-01,Av. Principal s/n,Comunidad de Xochipala,,747 471 71 21,http://www.inah.gob.mx/es/zonas/43-zona-arqueologica-de-organera-xochipala,direccion.gro@inah.gob.mx,17.78441,-99.63307,12,75,0,Guerrero,Eduardo Neri,TOTAL DEL MUNICIPIO,http://sic.gob.mx/ficha.php?table=zona_arqueologica&table_id=46,2022-01-25T12:37:53-06:00
64,207,Pañhú,2012-11-20,,,,771 714 39 89,http://www.inah.gob.mx/es/zonas/57-zona-arqueologica-panhu,dir.hgo@inah.gob.mx,20.50576,-99.68478,13,59,0,Hidalgo,Tecozautla,TOTAL DEL MUNICIPIO,http://sic.gob.mx/ficha.php?table=zona_arqueologica&table_id=207,2022-02-04T08:43:42-06:00
65,54,Tepeapulco o Xihuingo,1000-01-01,,,,771 714 34 31,http://www.inah.gob.mx/es/zonas/82-zona-arqueologica-tepeapulco-o-xihuingo,dir.hgo@inah.gob.mx,19.81392,-98.55668,13,61,0,Hidalgo,Tepeapulco,TOTAL DEL MUNICIPIO,http://sic.gob.mx/ficha.php?table=zona_arqueologica&table_id=54,2022-02-04T08:54:22-06:00
66,52,Tula,1000-01-01,Carr. Tula- Tlahuelilpan Km 2,Col.16 de Enero 2a. Ampliación (El Tesoro),,773 100 36 54,http://www.inah.gob.mx/es/zonas/80-zona-arqueologica-y-museo-de-sitio-de-tula,alejandro_gasca@inah.gob.mx,20.06384,-99.34046,13,76,0,Hidalgo,Tula de Allende,TOTAL DEL MUNICIPIO,http://sic.gob.mx/ficha.php?table=zona_arqueologica&table_id=52,2022-02-04T08:47:18-06:00
67,53,Huapalcalco,1000-01-01,Acceso desde la Avenida Del Ferrocarril y entronque con calle Vicente Guerrero en Huapalcalco,,,771 714 34 31,http://www.inah.gob.mx/es/zonas/81-zona-arqueologica-huapalcalco,dir.hgo@inah.gob.mx,20.11706,-98.36289,13,77,0,Hidalgo,Tulancingo de Bravo,TOTAL DEL MUNICIPIO,http://sic.gob.mx/ficha.php?table=zona_arqueologica&table_id=53,2022-02-04T08:32:37-06:00
68,155,Teuchitlán-Guachimontones,1000-01-01,Benito Juárez Nte.,,,33 3614 5416  ,http://www.inah.gob.mx/es/zonas/176-zona-arqueologica-teuchitlan-o-guachimontones,direccion.jal@inah.gob.mx,20.68528,-103.84917,14,95,0,Jalisco,Teuchitlán,TOTAL DEL MUNICIPIO,http://sic.gob.mx/ficha.php?table=zona_arqueologica&table_id=155,2022-02-04T09:02:08-06:00
69,55,Ixtépete,1000-01-01,Prolg. Av. Mariano Otero s/n,,,333 613 10 75,http://www.inah.gob.mx/es/zonas/83-zona-arqueologica-ixtepete,direccion.jal@inah.gob.mx,20.63228,-103.44154,14,120,0,Jalisco,Zapopan,TOTAL DEL MUNICIPIO,http://sic.gob.mx/ficha.php?table=zona_arqueologica&table_id=55,2022-02-04T09:06:18-06:00
70,154,El Grillo,1000-01-01,Av. Pino Suárez,Col. Villas de San Ignacio,45180,333 613 10 75,https://www.inah.gob.mx/zonas-arqueologicas,,20.73329,-103.36974,14,120,0,Jalisco,Zapopan,TOTAL DEL MUNICIPIO,http://sic.gob.mx/ficha.php?table=zona_arqueologica&table_id=154,2022-05-30T12:12:55-05:00
71,149,Huamango,1000-01-01,Carr. Toluca – Querétaro km. 93,,,722 214 63 00,http://www.inah.gob.mx/es/zonas/45-zona-arqueologica-de-huamango,mcsrc@yahoo.com.mx,19.97916,-99.86596,15,1,0,México,Acambay,TOTAL DEL MUNICIPIO,http://sic.gob.mx/ficha.php?table=zona_arqueologica&table_id=149,2022-02-04T09:33:10-06:00
72,33,Chimalhuacán,1000-01-01,Calle de Pochotes s/n ,Barrio de San Andrés,56337,722 167 13 25,http://www.inah.gob.mx/es/zonas/130-zona-arqueologica-chimalhuacan,cinah_edomex@inah.gob.mx,19.41816,-98.94708,15,31,0,México,Chimalhuacán,TOTAL DEL MUNICIPIO,http://sic.gob.mx/ficha.php?table=zona_arqueologica&table_id=33,2022-02-04T09:30:40-06:00
73,41,Tlapacoya,1000-01-01,Calle Cda. del Silencio s/n,Barrio de Ahuehuetes<br>Loc. Santa Cruz Tlapacoya,56577,722 215 7080,http://www.inah.gob.mx/es/zonas/139-zona-arqueologica-tlapacoya,humberto_gonzalez@inah.gob.mx,19.30182,-98.91287,15,39,0,México,Ixtapaluca,TOTAL DEL MUNICIPIO,http://sic.gob.mx/ficha.php?table=zona_arqueologica&table_id=41,2021-12-08T08:11:06-06:00
74,31,Acozac,1000-01-01,Carr. México-Puebla km. 30,Centro,56530,722 167 13 25,http://www.inah.gob.mx/es/zonas/128-zona-arqueologica-azocac-o-ixtapaluca,acozaczona@gmail.com,19.3131,-98.88417,15,39,0,México,Ixtapaluca,TOTAL DEL MUNICIPIO,http://sic.gob.mx/ficha.php?table=zona_arqueologica&table_id=31,2022-02-04T09:15:41-06:00
75,37,Malinalco,1000-01-01,Amajac s/n,Barrio Santa de Mónica,52440,714 147 30 13 ,https://www.inah.gob.mx/zonas/135-zona-arqueologica-malinalco,tlaltecutli94-f@inah.hotmail.com,18.95321,-99.50294,15,52,0,México,Malinalco,TOTAL DEL MUNICIPIO,http://sic.gob.mx/ficha.php?table=zona_arqueologica&table_id=37,2022-02-04T09:49:39-06:00
76,34,El Conde,1000-01-01,Ozumba 15,Col. El Conde,53500,722 167 13 25,https://www.inah.gob.mx/zonas/131-zona-arqueologica-el-conde,cinah_edomex@inah.gob.mx,19.47055,-99.23102,15,57,0,México,Naucalpan de Juárez,TOTAL DEL MUNICIPIO,http://sic.gob.mx/ficha.php?table=zona_arqueologica&table_id=34,2022-02-04T09:29:05-06:00
77,181,Ocoyoacac,1000-01-01,kilómetro 45.5 de la carr. federal México–Toluca (15) ,,,,http://www.inah.gob.mx/es/zonas/50-zona-arqueologica-de-ocoyoacac,cinah_edomex@inah.gob.mx; humberto_gonzalez@inah.gob.mx,19.28254,-99.47189,15,62,0,México,Ocoyoacac,TOTAL DEL MUNICIPIO,http://sic.gob.mx/ficha.php?table=zona_arqueologica&table_id=181,2022-02-04T09:53:33-06:00
78,43,Los Reyes La Paz,1000-01-01,Benito Juárez s/n,Col. Ampliación Los Reyes,56400,"722 215 70 80, 722 215 85 69 ",http://www.inah.gob.mx/es/zonas/134-zona-arqueologica-los-reyes-la-paz,cinah_edomex@inah.gob.mx; humberto_gonzalez@inah.gob.mx,19.3525,-98.98357,15,70,0,México,La Paz,TOTAL DEL MUNICIPIO,http://sic.gob.mx/ficha.php?table=zona_arqueologica&table_id=43,2022-02-04T10:08:03-06:00
79,150,San Miguel Ixtapan,1000-01-01,Carretera Tejupilco - Amatepec km. 17,,51430,722 214 63 00,http://www.inah.gob.mx/es/zonas/46-zona-arqueologica-de-san-miguel-ixtapan,imcsrc@yahoo.com.mx,18.80661,-100.15489,15,82,0,México,Tejupilco,TOTAL DEL MUNICIPIO,http://sic.gob.mx/ficha.php?table=zona_arqueologica&table_id=150,2022-02-04T09:41:52-06:00
80,153,Teotenango,1000-01-01,,,,722 167 13 25,http://www.inah.gob.mx/es/zonas/44-zona-arqueologica-de-teotenango,cinah_edomex@inah.gob.mx,19.10845,-99.59764,15,90,0,México,Tenango del Valle,TOTAL DEL MUNICIPIO,http://sic.gob.mx/ficha.php?table=zona_arqueologica&table_id=153,2021-12-07T06:39:47-06:00
81,39,Teotihuacán,1000-01-01,Autopista Ecatepec Pirámides Km. 22 + 600,,55800,"722 215 85 69, 722 215 70 80, 722 214 66 54",http://www.teotihuacan.inah.gob.mx,rogelio_rivero@inah.gob.mx; teotihuacanvisitasguiadas@inah.gob.mx; teotihuacanmuseos@inah.gob.mx,19.69314,-98.84599,15,92,0,México,Teotihuacán,TOTAL DEL MUNICIPIO,http://sic.gob.mx/ficha.php?table=zona_arqueologica&table_id=39,2021-12-08T07:52:53-06:00
82,40,Tetzcotzinco,1000-01-01,,,,722 167 13 25,http://www.inah.gob.mx/es/zonas/138-zona-arqueologica-tetzcotzinco,cinah_edomex@inah.gob.mx,19.49701,-98.81791,15,99,0,México,Texcoco,TOTAL DEL MUNICIPIO,http://sic.gob.mx/ficha.php?table=zona_arqueologica&table_id=40,2021-12-08T07:50:24-06:00
83,152,Tocuila,1000-01-01,calle 16 de Septiembre,,,"722 215 70 80, 215 85 69",http://www.inah.gob.mx/es/zonas/35-zona-arqueologica-de-tocuila,cinah_edomex@inah.gob.mx  ,19.52047,-98.90794,15,99,0,México,Texcoco,TOTAL DEL MUNICIPIO,http://sic.gob.mx/ficha.php?table=zona_arqueologica&table_id=152,2022-05-30T12:20:56-05:00
84,36,Los Melones,1000-01-01,Abasolo 100,Col. El Carmen,65100,722 167 13 25,http://www.inah.gob.mx/es/zonas/133-zona-arqueologica-los-melones,cinah_edomex@inah.gob.mx; humberto_gonzalez@inah.gob.mx,19.50878,-98.88135,15,99,0,México,Texcoco,TOTAL DEL MUNICIPIO,http://sic.gob.mx/ficha.php?table=zona_arqueologica&table_id=36,2022-02-04T09:46:41-06:00
85,35,Huexotla,1000-01-01,San Francisco s/n,Col. San Luis Huexotla,56220,722 167 13 25,http://www.inah.gob.mx/es/zonas/132-zona-arqueologica-huexotla,cinah_edomex@inah.gob.mx,19.47723,-98.87187,15,99,0,México,Texcoco,TOTAL DEL MUNICIPIO,http://sic.gob.mx/ficha.php?table=zona_arqueologica&table_id=35,2022-02-04T09:35:01-06:00
86,38,Tenayuca,1000-01-01,Quetzalcoatl s/n,Col. San Bartolo Tenayuca,54150,55 5388 6191,http://www.inah.gob.mx/es/zonas/137-zona-arqueologica-tenayuca-i-y-ii,cinah_edomex@inah.gob.mx,19.53213,-99.16848,15,104,0,México,Tlalnepantla de Baz,TOTAL DEL MUNICIPIO,http://sic.gob.mx/ficha.php?table=zona_arqueologica&table_id=38,2022-02-25T12:10:38-06:00
87,151,Tenayuca II,1000-01-01,Cto. Piramide 51,Fracc. Izcalli Piramide,54140,"722 215 7080, 722 215 8569",http://www.inah.gob.mx/es/zonas/137-zona-arqueologica-tenayuca-i-y-ii,cinah_edomex@inah.gob.mx,19.53504,-99.16933,15,104,0,México,Tlalnepantla de Baz,TOTAL DEL MUNICIPIO,http://sic.gob.mx/ficha.php?table=zona_arqueologica&table_id=151,2022-02-25T12:11:59-06:00
88,42,Santa Cecilia Acatitlán,1000-01-01,Cjón. del Tepozteco s/n,Santa Cecilia Acatitián,54130,55 2125 9070,http://www.inah.gob.mx/es/zonas/136-zona-arqueologica-santa-cecilia-acatitlan,cinah_edomex@inah.gob.mx,19.55266,-99.17345,15,104,0,México,Tlalnepantla de Baz,TOTAL DEL MUNICIPIO,http://sic.gob.mx/ficha.php?table=zona_arqueologica&table_id=42,2022-02-04T09:20:49-06:00
89,32,Calixtlahuaca,1000-01-01,Cto. perimetral (Hidalgo) Loc. de San Francisco Calixtlahuaca,Centro,55855,722 215 95 60,http://www.inah.gob.mx/es/zonas/129-zona-arqueologica-calixtlahuaca,cinah_edomex@inah.gob.mx,19.33374,-99.69299,15,106,0,México,Toluca,TOTAL DEL MUNICIPIO,http://sic.gob.mx/ficha.php?table=zona_arqueologica&table_id=32,2022-02-04T09:22:25-06:00
90,60,Tres Cerritos,1000-01-01,"Camino a Zona Arqueológica Tres Cerritos Km 0 + 480, Rancho San Jacinto (La Loma)",,,443 312 88 38,http://www.inah.gob.mx/es/zonas/178-zona-arqueologica-tres-cerritos, centroinahmich@inah.gob.mx,19.96072,-101.10482,16,20,0,Michoacán de Ocampo,Cuitzeo,TOTAL DEL MUNICIPIO,http://sic.gob.mx/ficha.php?table=zona_arqueologica&table_id=60,2022-02-04T12:45:37-06:00
91,56,Huandacareo (La Nopalera),1000-01-01,Mezquite,Col. La Nopalera,,443 313 26 50 ext. 248004,http://www.inah.gob.mx/es/zonas/154-zona-arqueologica-huandacareo-la-nopalera,centroinahmich@inah.gob.mx,19.99505,-101.28967,16,36,0,Michoacán de Ocampo,Huandacareo,TOTAL DEL MUNICIPIO,http://sic.gob.mx/ficha.php?table=zona_arqueologica&table_id=56,2021-12-08T11:39:21-06:00
92,59,Tingambato,1979-01-01,,,,443 312 88 38 ,http://www.inah.gob.mx/es/zonas/177-zona-arqueologica-tingambato,centroinahmich@inah.gob.mx,19.49438,-101.85863,16,90,0,Michoacán de Ocampo,Tingambato,TOTAL DEL MUNICIPIO,http://sic.gob.mx/ficha.php?table=zona_arqueologica&table_id=59,2022-02-04T12:37:17-06:00
93,61,Tzintzuntzan,1930-01-01,Av. de las Yácatas s/n,,58440,443 313 26 50 ext. 248004,http://www.inah.gob.mx/es/zonas/179-zona-arqueologica-de-tzintzuntzan,centroinahmich@inah.gob.mx,19.62375,-101.57346,16,100,0,Michoacán de Ocampo,Tzintzuntzan,TOTAL DEL MUNICIPIO,http://sic.gob.mx/ficha.php?table=zona_arqueologica&table_id=61,2022-02-04T12:53:56-06:00
94,57,Ihuatzio,1938-01-01,Acceso al camino desde el Km. 5 de la Av. Independencia,,,443 313 26 50,http://www.inah.gob.mx/es/zonas/155-zona-arqueologica-ihuatzio,centroinahmich@inah.gob.mx,19.57749,-101.62094,16,100,0,Michoacán de Ocampo,Tzintzuntzan,TOTAL DEL MUNICIPIO,http://sic.gob.mx/ficha.php?table=zona_arqueologica&table_id=57,2021-12-08T12:15:02-06:00
95,58,San Felipe Los Alzati,1000-01-01,Camino a la Zona Arqueológica San Felipe Los Alzati Km. 2,,,443 312 88 38,http://www.inah.gob.mx/es/zonas/166-zona-arqueologica-san-felipe-los-alzati,centroinahmich@inah.gob.mx,19.50624,-100.39164,16,112,0,Michoacán de Ocampo,Zitácuaro,TOTAL DEL MUNICIPIO,http://sic.gob.mx/ficha.php?table=zona_arqueologica&table_id=58,2021-12-08T11:26:54-06:00
96,65,Olintepec,1000-01-01,,,,777 314 40 48,http://www.inah.gob.mx/es/zonas/56-zona-arqueologica-de-olintepec,direccion.mor@inah.gob.com,18.73981,-98.98587,17,4,0,Morelos,Ayala,TOTAL DEL MUNICIPIO,http://sic.gob.mx/ficha.php?table=zona_arqueologica&table_id=65,2022-02-04T13:21:10-06:00
97,66,Teopanzolco,1000-01-01,Río Balsas s/n,Col. Vista Hermosa,,777 314 40 48,http://www.inah.gob.mx/es/zonas/126-zona-arqueologica-teopanzolco,direccion.mor@inah.gob.com,18.93042,-99.22215,17,7,0,Morelos,Cuernavaca,TOTAL DEL MUNICIPIO,http://sic.gob.mx/ficha.php?table=zona_arqueologica&table_id=66,2022-02-04T13:34:07-06:00
98,62,Chalcatzingo,1000-01-01,Calle Alatriste s/n,,62977,777 314 40 48,http://www.inah.gob.mx/es/zonas/123-zona-arqueologica-chalcatzingo,direccion.mor@inah.gob.com,18.67704,-98.77152,17,10,0,Morelos,Jantetelco,TOTAL DEL MUNICIPIO,http://sic.gob.mx/ficha.php?table=zona_arqueologica&table_id=62,2022-02-04T13:04:05-06:00
99,64,Las Pilas,1000-01-01,Yautepec s/n,,62930,777 314 40 48,http://www.inah.gob.mx/es/zonas/125-zona-arqueologica-las-pilas,direccion.mor@inah.gob.com,18.68755,-98.79955,17,13,0,Morelos,Jonacatepec,TOTAL DEL MUNICIPIO,http://sic.gob.mx/ficha.php?table=zona_arqueologica&table_id=64,2022-02-04T13:27:35-06:00
100,63,Coatetelco,1000-01-01,Amargura s/n,Coatetelco,62606,777 314 40 48,http://www.inah.gob.mx/es/zonas/124-zona-arqueologica-coatetelco,direccion.mor@inah.gob.mx,18.7265,-99.32596,17,15,0,Morelos,Miacatlán,TOTAL DEL MUNICIPIO,http://sic.gob.mx/ficha.php?table=zona_arqueologica&table_id=63,2022-02-04T12:58:34-06:00
101,68,Xochicalco,1000-01-01,Carr. Federal Xochicalco-Tetlama,,62605,777 314 40 48,http://www.inah.gob.mx/es/zonas/13-zona-arqueologica-de-xochicalco,direccion.mor@inah.gob.com,18.80453,-99.2967,17,15,0,Morelos,Miacatlán,TOTAL DEL MUNICIPIO,http://sic.gob.mx/ficha.php?table=zona_arqueologica&table_id=68,2022-02-25T10:03:18-06:00
102,182,Tepozteco,1000-01-01,Av. del Tepozteco s/n,Barrio de la Santa Cruz,,777 314 40 48,http://www.inah.gob.mx/es/zonas/127-zona-arqueologica-tepozteco,direccion.mor@inah.gob.com,19.00068,-99.10153,17,20,0,Morelos,Tepoztlán,TOTAL DEL MUNICIPIO,http://sic.gob.mx/ficha.php?table=zona_arqueologica&table_id=182,2022-02-04T13:37:34-06:00
103,69,Yautepec,1000-01-01,Paraíso (hacia el norte se convierte en la calle Esther Casariego) s/n ,Rancho Nuevo,62731,777 314 40 48,http://www.inah.gob.mx/es/zonas/11-zona-arqueologica-de-yautepec,direccion.mor@inah.gob.com,18.88081,-99.06912,17,29,0,Morelos,Yautepec,TOTAL DEL MUNICIPIO,http://sic.gob.mx/ficha.php?table=zona_arqueologica&table_id=69,2022-02-04T13:48:09-06:00
104,70,lxtlán del Río (Los Toriles),1000-01-01,,,,311 216 30 22 ,http://www.inah.gob.mx/es/red-de-museos/266-zona-arqueologica-ixtlan-del-rio-o-los-toriles,direccion.nay@inah.gob.com ,21.03831,-104.34473,18,6,0,Nayarit,Ixtlán del Río,TOTAL DEL MUNICIPIO,http://sic.gob.mx/ficha.php?table=zona_arqueologica&table_id=70,2021-12-06T15:18:55-06:00
105,71,Boca de Potrerillos,1995-01-01,,,,81 8339 9751,http://www.inah.gob.mx/es/zonas/184-zona-arqueologica-boca-de-potrerillos,delegacion_nl@inah.gob.m,26.04505,-100.64204,19,37,0,Nuevo León,Mina,TOTAL DEL MUNICIPIO,http://sic.gob.mx/ficha.php?table=zona_arqueologica&table_id=71,2021-12-14T06:56:15-06:00
106,183,Huamelulpan,1000-01-01,"Ayoco s/n, Plaza Cívica de San Martín Huamelulpan",,,951 513 33 46,http://www.inah.gob.mx/es/zonas/84-zona-arqueologica-de-huamelulpan,delegacion_oaxaca@inah.gob.com,17.3981,-97.59942,20,239,0,Oaxaca,San Martín Huamelúlpam,TOTAL DEL MUNICIPIO,http://sic.gob.mx/ficha.php?table=zona_arqueologica&table_id=183,2021-12-20T08:15:58-06:00
107,75,Mitla,1000-01-01,"Camino Nacional, Los Presidentes",Centro,70430,951 502 12 00,http://www.inah.gob.mx/zonas/87-zona-arqueologica-de-mitla,delegación_oaxaca@inah.gob.mx,16.9269,-96.35931,20,298,0,Oaxaca,San Pablo Villa de Mitla,TOTAL DEL MUNICIPIO,http://sic.gob.mx/ficha.php?table=zona_arqueologica&table_id=75,2022-02-04T14:26:12-06:00
108,76,Monte Albán,1000-01-01,Camino Dr. Ignacio Bernal (A Monte Albán),Monte Albán,,951 513 33 46,http://www.inah.gob.mx/es/zonas/94-zona-arqueologica-de-monte-alban,ernesto_gonzalezl@inah.gob.mx,17.0434,-96.76822,20,385,0,Oaxaca,Santa Cruz Xoxocotlán,TOTAL DEL MUNICIPIO,http://sic.gob.mx/ficha.php?table=zona_arqueologica&table_id=76,2021-12-14T07:18:10-06:00
109,197,Atzompa,2012-09-18,Independencia (Camino a Zona Arqueológica de Atzompa),,,951 516 70 77,http://www.inah.gob.mx/es/zonas/141-zona-arqueologica-de-atzompa,patricia_lira@inah.gob.mx,17.07931,-96.7827,20,399,0,Oaxaca,Santa María Atzompa,TOTAL DEL MUNICIPIO,http://sic.gob.mx/ficha.php?table=zona_arqueologica&table_id=197,2022-05-30T12:28:10-05:00
110,198,Bocana del Río Copalita,2010-10-06,Blvd. Copalita-Tangolunda tramo 15,"Bahías de Huatulco, Bocana del Río Copalita",70989,951 515 04 00,http://www.inah.gob.mx/es/zonas/92-zona-arqueologica-bocana-del-rio-copalita,delegación_oaxaca@inah.gob.mx,15.79259,-96.05452,20,413,0,Oaxaca,Santa María Huatulco,TOTAL DEL MUNICIPIO,http://sic.gob.mx/ficha.php?table=zona_arqueologica&table_id=198,2021-12-14T07:52:58-06:00
111,213,Cerro la Campana (Huijazoo),1000-01-01,Camino a iglesia El Calvario Km 2 (aprox.),,,"951 513 33 46, 951 513 33 52",,delegacion_oaxaca@inah.gob.mx,17.26891,-96.87051,20,483,0,Oaxaca,Santiago Suchilquitongo,TOTAL DEL MUNICIPIO,http://sic.gob.mx/ficha.php?table=zona_arqueologica&table_id=213,2022-05-30T12:29:25-05:00
112,73,Guiengola,1000-01-01,Camino a Guiengola Km 7,,,"951 513 33 46, 951 513 33 52",http://www.inah.gob.mx/es/zonas/85-zona-arqueologica-de-guiengola,delegacion_oaxaca@inah.gob.com,16.38604,-95.32335,20,515,0,Oaxaca,Santo Domingo Tehuantepec,TOTAL DEL MUNICIPIO,http://sic.gob.mx/ficha.php?table=zona_arqueologica&table_id=73,2021-12-20T07:34:27-06:00
113,72,Dainzú,1000-01-01,,,,951 568 03 16,http://www.inah.gob.mx/es/zonas/86-zona-arqueologica-dainzu,delegacion_oaxaca@inah.gob.com,17.0036,-96.55672,20,550,0,Oaxaca,San Jerónimo Tlacochahuaya,TOTAL DEL MUNICIPIO,http://sic.gob.mx/ficha.php?table=zona_arqueologica&table_id=72,2021-12-20T07:20:53-06:00
114,77,Yagul,1000-01-01,Camino a la Zona Arqueológica Yagul Km 1 + 430,,,951 568 03 16,http://www.inah.gob.mx/es/zonas/89-zona-arqueologica-de-yagul,zamitla@inah.gob.mx,16.95834,-96.45002,20,551,0,Oaxaca,Tlacolula de Matamoros,TOTAL DEL MUNICIPIO,http://sic.gob.mx/ficha.php?table=zona_arqueologica&table_id=77,2022-02-04T14:30:19-06:00
115,74,Lambityeco,1000-01-01,Carr. Federal Núm. 190 Km 30 + 650 (Oaxaca-Tehuantepec),,,951 515 33 46,http://www.inah.gob.mx/es/zonas/88-zona-arqueologica-de-lambityeco,delegacion_oaxaca@inah.gob.mx,16.97185,-96.49196,20,551,0,Oaxaca,Tlacolula de Matamoros,TOTAL DEL MUNICIPIO,http://sic.gob.mx/ficha.php?table=zona_arqueologica&table_id=74,2022-02-04T14:21:27-06:00
116,78,Zaachila,1000-01-01,Alarii s/n,Centro,71310,951 515 33 46,http://www.inah.gob.mx/es/zonas/91-zona-arqueologica-de-zaachila,delegación_oaxaca@inah.gob.mx,16.95235,-96.74899,20,565,0,Oaxaca,Villa de Zaachila,TOTAL DEL MUNICIPIO,http://sic.gob.mx/ficha.php?table=zona_arqueologica&table_id=78,2022-02-04T14:33:56-06:00
117,84,Yohualichan,1000-01-01,Carr. Federal a Cuetzalan 129 ,,73560,222 235 40 56,http://www.inah.gob.mx/es/zonas/114-zona-arqueologica-de-yohualichan,direccion.pue@inah.gob.mx,20.06123,-97.50292,21,43,0,Puebla,Cuetzalan del Progreso,TOTAL DEL MUNICIPIO,http://sic.gob.mx/ficha.php?table=zona_arqueologica&table_id=84,2022-02-24T08:26:09-06:00
118,81,Los Cerritos de San Cristóbal Tepatlaxco,1000-01-01,"Carr. Federal México-Puebla, km 1.5",,74120,222 213 73 90 ext. 298033,http://www.inah.gob.mx/es/zonas/15-zona-arqueologica-los-cerritos-de-san-cristobal-tepatlaxco,emerlo.pue@inah.gob.mx,19.31398,-98.44542,21,132,0,Puebla,San Martín Texmelucan,TOTAL DEL MUNICIPIO,http://sic.gob.mx/ficha.php?table=zona_arqueologica&table_id=81,2022-02-18T09:14:50-06:00
119,80,Cholula,1000-01-01,Av. Morelos esq. 8 Norte,Centro Histórico,72760,222 235 14 78,http://www.inah.gob.mx/es/zonas/12-zona-arqueologica-de-cholula,direccion.pue@inah.gob.mx,19.05802,-98.30247,21,140,0,Puebla,San Pedro Cholula,TOTAL DEL MUNICIPIO,http://sic.gob.mx/ficha.php?table=zona_arqueologica&table_id=80,2022-02-24T08:15:27-06:00
120,217,Tehuacán el Viejo,2017-01-10,Camino a San Isidro s/n ,San Diego Chalma,75859 ,222 235 40 56,https://lugares.inah.gob.mx/es/zonas-arqueologicas/zonas/opinion/14643-tehuac%C3%A1n-el-viejo.html,maurer3te@yahoo.com.mx,18.45132,-97.34532,21,156,0,Puebla,Tehuacán,TOTAL DEL MUNICIPIO,http://sic.gob.mx/ficha.php?table=zona_arqueologica&table_id=217,2022-02-25T09:10:36-06:00
121,82,Tepexi el Viejo,1000-01-01,Carr. a Tepeaca 150 ,,74690,222 235 14 78 ,http://www.inah.gob.mx/es/zonas/16-zona-arqueologica-tepexi-el-viejo,direccion.pue@inah.gob.mx,18.59795,-97.98334,21,169,0,Puebla,Tepexi de Rodríguez,TOTAL DEL MUNICIPIO,http://sic.gob.mx/ficha.php?table=zona_arqueologica&table_id=82,2022-02-24T08:22:56-06:00
122,79,Cantona,1000-01-01,"Carr. Tepeyahualco-Xonacatlán km 7.5, entre los municipios de Tepeyahualco y Coyoaco",,73990,"cels. 276 111 67 58,  222 192 93 50",http://www.inah.gob.mx/es/zonas/10-zona-arqueologica-de-cantona,david_cuevas@inah.gob.mx; clemengfer@hotmail.co,19.5537,-97.49157,21,170,0,Puebla,Tepeyahualco,TOTAL DEL MUNICIPIO,http://sic.gob.mx/ficha.php?table=zona_arqueologica&table_id=79,2022-02-18T08:47:56-06:00
123,205,Teteles de Santo Nombre,2017-01-25,,,,55 3484 4117,,museoyzonateteles@hotmail.com,18.62862,-97.71752,21,177,0,Puebla,Tlacotepec de Benito Juárez,TOTAL DEL MUNICIPIO,http://sic.gob.mx/ficha.php?table=zona_arqueologica&table_id=205,2022-02-25T09:14:25-06:00
124,83,Tepapayeca,1000-01-01,Carr. Federal Izucar-Cuautla Km 11,pueblo de Santa María de la Candelaria,74540,"222 235 14 78, 222 235 94 21",http://www.inah.gob.mx/es/zonas/55-zona-arqueologica-de-tepapayeca,proyectos.inah@gmail.com,18.67392,-98.53095,21,185,0,Puebla,Tlapanalá,TOTAL DEL MUNICIPIO,http://sic.gob.mx/ficha.php?table=zona_arqueologica&table_id=83,2022-02-24T08:19:08-06:00
125,87,Toluquilla,1000-01-01,,,,442 245 52 04,http://www.inah.gob.mx/es/zonas/187-zona-arqueologica-de-toluquilla,manuel_naredo@inah.gob.mx,20.88328,-99.5306,22,4,0,Querétaro,Cadereyta de Montes,TOTAL DEL MUNICIPIO,http://sic.gob.mx/ficha.php?table=zona_arqueologica&table_id=87,2022-02-24T08:47:14-06:00
126,85,El Cerrito,1000-01-01,,,,442 212 01 72,http://www.inah.gob.mx/es/zonas/122-zona-arqueologica-el-cerrito,manuel_naredo@inah.gob.mx,20.55044,-100.44321,22,6,0,Querétaro,Corregidora,TOTAL DEL MUNICIPIO,http://sic.gob.mx/ficha.php?table=zona_arqueologica&table_id=85,2022-02-24T08:38:31-06:00
127,194,Tancama,2011-03-21,,,,442 212 01 72,https://inah.gob.mx/zonas/172-zona-arqueologica-de-tancama,manuel_naredo@inah.gob.mx,21.16171,-99.39898,22,9,0,Querétaro,Jalpan de Serra,TOTAL DEL MUNICIPIO,http://sic.gob.mx/ficha.php?table=zona_arqueologica&table_id=194,2022-02-24T08:42:39-06:00
128,86,Ranas,1000-01-01,,,,442 245 52 04,http://www.inah.gob.mx/es/zonas/34-zona-arqueologica-de-ranas,manuel_naredo@inah.gob.mx,20.92647,-99.5626,22,15,0,Querétaro,San Joaquín,TOTAL DEL MUNICIPIO,http://sic.gob.mx/ficha.php?table=zona_arqueologica&table_id=86,2022-02-24T08:40:22-06:00
129,95,San Gervasio,1000-01-01,Camino a la Zona Arqueológica San Gervasio Km 6,,,"983 837 07 96 exts. 318002, 318003",http://www.inah.gob.mx/es/zonas/101-zona-arqueologica-san-gervasio,direccion.qroo@inah.gob.mx,20.49561,-86.84583,23,1,0,Quintana Roo,Cozumel,TOTAL DEL MUNICIPIO,http://sic.gob.mx/ficha.php?table=zona_arqueologica&table_id=95,2022-01-11T07:24:52-06:00
130,186,Caracol-Punta Sur,1000-01-01,,,,983 837 24 11,http://www.inah.gob.mx/es/zonas/17-zona-arqueologica-caracol-punta-sur,direccion.qroo@inah.gob.mx,20.28011,-86.97925,23,1,0,Quintana Roo,Cozumel,TOTAL DEL MUNICIPIO,http://sic.gob.mx/ficha.php?table=zona_arqueologica&table_id=186,2022-05-30T12:50:04-05:00
131,94,Muyil,1000-01-01,Carretera Federal No. 307 (tramo Carrillo Puerto-Tulum) Km. 208,,,983 837 07 96,http://www.inah.gob.mx/es/zonas/100-zona-arqueologica-de-muyil,direccion.qroo@inah.gob.mx,20.07748,-87.6108,23,2,0,Quintana Roo,Felipe Carrillo Puerto,TOTAL DEL MUNICIPIO,http://sic.gob.mx/ficha.php?table=zona_arqueologica&table_id=94,2022-01-11T09:42:01-06:00
132,90,El Meco,1000-01-01,Carr. Puerto Juárez-Punta Sam Km 2 + 700,,,"983 837 07 96 exts. 318002, 318003",http://www.inah.gob.mx/es/zonas/96-zona-arqueologica-el-meco,direccion.qroo@inah.gob.mx,21.21099,-86.80389,23,3,0,Quintana Roo,Isla Mujeres,TOTAL DEL MUNICIPIO,http://sic.gob.mx/ficha.php?table=zona_arqueologica&table_id=90,2022-03-02T12:43:55-06:00
133,184,Chakanbakan,1000-01-01,,,,,http://www.inah.gob.mx/es/zonas/51-zona-arqueologica-de-chakanbakan,,18.45205,-89.08971,23,4,0,Quintana Roo,Othón P. Blanco,TOTAL DEL MUNICIPIO,http://sic.gob.mx/ficha.php?table=zona_arqueologica&table_id=184,2022-05-31T09:44:24-05:00
134,93,Oxtankah,1000-01-01,Carretera Chetumal-Calderitas-Luis Echeverría Km 9,,,983 837 24 11 ,http://www.inah.gob.mx/es/zonas/102-zona-arqueologica-oxtankah, direccion.qroo@inah.gob.mx.,18.60774,-88.23469,23,4,0,Quintana Roo,Othón P. Blanco,TOTAL DEL MUNICIPIO,http://sic.gob.mx/ficha.php?table=zona_arqueologica&table_id=93,2022-02-04T13:54:57-06:00
135,92,Kohunlich,1000-01-01,Carr. Francisco Villa-Kohunlich Km. 9,,,"983 837 07 96 exts. 318002, 318003",http://www.inah.gob.mx/es/zonas/103-zona-arqueologica-kohunlich,direccion.qroo@inah.gob.mx,18.41804,-88.78984,23,4,0,Quintana Roo,Othón P. Blanco,TOTAL DEL MUNICIPIO,http://sic.gob.mx/ficha.php?table=zona_arqueologica&table_id=92,2022-01-11T09:28:12-06:00
136,89,Dzibanché,1000-01-01,Camino Morocoy-Dzibanché Km. 14 (Dzibanché) ,,,"983 837 07 96 exts. 318002, 318003",http://www.inah.gob.mx/es/zonas/104-zona-arqueologica-de-dzibanche-kinichna,direccion.qroo@inah.gob.mx.,18.63926,-88.75942,23,4,0,Quintana Roo,Othón P. Blanco,TOTAL DEL MUNICIPIO,http://sic.gob.mx/ficha.php?table=zona_arqueologica&table_id=89,2021-12-20T08:28:30-06:00
137,218,Kinichná,1000-01-01,Camino Morocoy-Dzibanche Km 16,,,"983 837 07 96 exts. 318002, 318003",http://www.inah.gob.mx/es/zonas/104-zona-arqueologica-de-dzibanche-kinichna,direccion.qroo@inah.gob.mx,18.66082,-88.76732,23,4,0,Quintana Roo,Othón P. Blanco,TOTAL DEL MUNICIPIO,http://sic.gob.mx/ficha.php?table=zona_arqueologica&table_id=218,2022-01-11T09:05:58-06:00
138,174,Chacchoben,1000-01-01,Carr. Federal Núm. 293 (vía corta a Mérida) Km 9,,,983 837 07 96,http://www.inah.gob.mx/es/zonas/105-zona-arqueologica-de-chacchoben,direccion.qroo@inah.gob.mx,18.52105,-88.41944,23,4,0,Quintana Roo,Othón P. Blanco,TOTAL DEL MUNICIPIO,http://sic.gob.mx/ficha.php?table=zona_arqueologica&table_id=174,2022-02-24T08:56:16-06:00
139,211,San Miguelito,2012-11-01,Km. 6.5 del Boulevard Kukulkán,Zona Hotelera de Cancún,77500,"983 837 07 96, 998 887 88 74",http://www.inah.gob.mx/es/zonas/167-zona-arqueologica-de-san-miguelito,museomayacancun@inah.gob.mx,21.07166,-86.77844,23,5,0,Quintana Roo,Benito Juárez,TOTAL DEL MUNICIPIO,http://sic.gob.mx/ficha.php?table=zona_arqueologica&table_id=211,2022-01-11T09:38:53-06:00
140,91,El Rey,1000-01-01,Blvd. Kukulkan km 9.5,Zona Hotelera,77500,983 837 07 96,http://www.inah.gob.mx/es/zonas/95-zona-arqueologica-el-rey,direccion.qroo@inah.gob.mx,21.16142,-86.82472,23,5,0,Quintana Roo,Benito Juárez,TOTAL DEL MUNICIPIO,http://sic.gob.mx/ficha.php?table=zona_arqueologica&table_id=91,2022-02-04T13:57:01-06:00
141,142,Calica,1000-01-01,Int. de la empresa Calizas Industriales del Carmen, Punta Rancho Ina,,983 837 07 96,http://www.inah.gob.mx/es/zonas/52-zona-arqueologica-de-calica,direccion.qroo@inah.gob.mx,20.58621,-87.14583,23,8,0,Quintana Roo,Solidaridad,TOTAL DEL MUNICIPIO,http://sic.gob.mx/ficha.php?table=zona_arqueologica&table_id=142,2022-05-30T12:51:00-05:00
142,185,Playa del Carmen (Playacar),1000-01-01,Av. Paseo Xaman-ha entre Palenque y Bonampak,Col. Playacar,,"983 837 24 11, 983 837 0796 exts. 318002, 318003",http://www.inah.gob.mx/es/zonas/164-zona-arqueologica-playa-del-carmen,direccion.qroo@inah.gob.mx,20.6143,-87.08296,23,8,0,Quintana Roo,Solidaridad,TOTAL DEL MUNICIPIO,http://sic.gob.mx/ficha.php?table=zona_arqueologica&table_id=185,2022-05-30T13:05:07-05:00
143,97,Xcaret,1000-01-01,Carr. Federal No. 307 (Cancún-Chetumal) Km 282,,,"983 837 07 96 exts. 318002, 318003",http://www.inah.gob.mx/es/zonas/97-zona-arqueologica-xcaret,direccion.qroo@inah.gob.mx,20.57874,-87.11962,23,8,0,Quintana Roo,Solidaridad,TOTAL DEL MUNICIPIO,http://sic.gob.mx/ficha.php?table=zona_arqueologica&table_id=97,2022-02-04T14:03:05-06:00
144,96,Tulum,1000-01-01,Carr. Federal Chetumal-Cancún Km 230,,,983 837 07 96,http://www.inah.gob.mx/es/zonas/99-zona-arqueologica-de-tulum,margarito_molina@inah.gob.mx,20.2154,-87.43061,23,9,0,Quintana Roo,Tulum,TOTAL DEL MUNICIPIO,http://sic.gob.mx/ficha.php?table=zona_arqueologica&table_id=96,2022-02-25T11:22:03-06:00
145,221,Cobá,1000-01-01,Carr. Cobá-Chanchén Primero Km. 2,,,984 206 71 66,https://inah.gob.mx/zonas/515-zona-arqueologica-de-coba,manuel_ochoa@inah.gob.mx,20.49293,-87.72424,23,9,0,Quintana Roo,Tulum,TOTAL DEL MUNICIPIO,http://sic.gob.mx/ficha.php?table=zona_arqueologica&table_id=221,2022-02-25T11:21:33-06:00
146,98,Xel Há,1000-01-01,Carr. Federal Núm. 307 (Reforma Agraria-Puerto Juárez) Km. 246,,,"983 837 07 96 exts. 318002, 318003",http://www.inah.gob.mx/es/zonas/98-zona-arqueologica-xelha,direccion.qroo@inah.gob.mx,20.31917,-87.36718,23,9,0,Quintana Roo,Tulum,TOTAL DEL MUNICIPIO,http://sic.gob.mx/ficha.php?table=zona_arqueologica&table_id=98,2022-02-25T11:21:19-06:00
147,177,Tamtoc,2006-05-12,Ramal de carretera a Tamtoc Km 10,,,444 813 49 41,https://www.inah.gob.mx/zonas/115-zona-arqueologica-de-tamtoc,direccion.slp@inah.gob.mx,21.92476,-98.81268,24,40,0,San Luis Potosí,Tamuín,TOTAL DEL MUNICIPIO,http://sic.gob.mx/ficha.php?table=zona_arqueologica&table_id=177,2022-02-04T14:40:20-06:00
148,187,Tamohi (El Consuelo),1000-01-01,Camino a Tamuín Km 1,,,444 813 48 31,http://www.inah.gob.mx/es/zonas/140-zona-arqueologica-tamohi-o-el-consuelo,direccion_slp@inah.gob.mx,21.95291,-98.74975,24,40,0,San Luis Potosí,Tamuín,TOTAL DEL MUNICIPIO,http://sic.gob.mx/ficha.php?table=zona_arqueologica&table_id=187,2022-02-04T14:43:53-06:00
149,212,Las Labradas,2012-11-30,"	Camino a Las Labradas Km. 5, La Chicayota",,,667 713 92 52 INAH Sinaloa,http://www.inah.gob.mx/es/zonas/47-zona-arqueologica-de-las-labradas,,23.61972,-106.76784,25,16,0,Sinaloa,San Ignacio,TOTAL DEL MUNICIPIO,http://sic.gob.mx/ficha.php?table=zona_arqueologica&table_id=212,2022-02-04T14:48:58-06:00
150,200,Cerro de Trincheras,2011-12-15,Blvd. Joaquín Murrieta y Sonora,Cruzando las vías del ferrocarril,,641 325 60 18  ,http://www.inah.gob.mx/es/red-de-museos/280-zona-arqueologica-trincheras,sergio_lopezdv@inah.gob.mx,30.39464,-111.53371,26,64,0,Sonora,Trincheras,TOTAL DEL MUNICIPIO,http://sic.gob.mx/ficha.php?table=zona_arqueologica&table_id=200,2022-02-04T14:57:50-06:00
151,103,Moral-Reforma,1000-01-01,Camino a la zona arqueológica Moral-Reforma Km. 3 + 580 (aprox.),,,993 352 10 33,http://www.inah.gob.mx/es/zonas/182-zona-arqueologica-de-moral-reforma,cinah_tabasco@inah.gob.mx,17.76831,-91.29848,27,1,0,Tabasco,Balancán,TOTAL DEL MUNICIPIO,http://sic.gob.mx/ficha.php?table=zona_arqueologica&table_id=103,2022-02-24T09:01:28-06:00
152,99,Comalcalco,1000-01-01,"Ranchería Norte, km. 1.5 de la carretera Comalcalco - Paraíso, Tabasco",,86900,,http://www.inah.gob.mx/es/zonas/9-zona-arqueologica-de-comalcalco,cinah_tabasco@inah.gob.mx,18.28008,-93.20175,27,5,0,Tabasco,Comalcalco,TOTAL DEL MUNICIPIO,http://sic.gob.mx/ficha.php?table=zona_arqueologica&table_id=99,2022-02-04T15:00:47-06:00
153,101,Malpasito,1000-01-01,Camino a Malpasito- Zona Arqueológica Km. 1 + 850,,,993 352 10 33 ,http://www.inah.gob.mx/es/zonas/181-zona-arqueologica-de-malpasito,cinah_tabasco@inah.gob.mx,17.34062,-93.59471,27,8,0,Tabasco,Huimanguillo,TOTAL DEL MUNICIPIO,http://sic.gob.mx/ficha.php?table=zona_arqueologica&table_id=101,2022-02-24T09:14:02-06:00
154,100,La Venta,1000-01-01,Carr. Villa Benito Juárez s/n,,86410,923 232 94 23,http://www.inah.gob.mx/es/zonas/159-zona-arqueologica-la-venta,,18.10236,-94.0401,27,8,0,Tabasco,Huimanguillo,TOTAL DEL MUNICIPIO,http://sic.gob.mx/ficha.php?table=zona_arqueologica&table_id=100,2022-02-24T09:10:59-06:00
155,102,Pomoná,1000-01-01,Camino a Pomoná-Zona Arqueológica Km. 2 + 770,,86900,993 352 10 22,http://www.inah.gob.mx/es/zonas/183-zona-arqueologica-de-pomona,julia_moreno@inah.gob.mx,17.48418,-91.57077,27,17,0,Tabasco,Tenosique,TOTAL DEL MUNICIPIO,http://sic.gob.mx/ficha.php?table=zona_arqueologica&table_id=102,2022-02-24T09:08:55-06:00
156,105,El Sabinito,1000-01-01,"Camino a las Ruinas"" (nombre conocido) Km.5, localidad Ejido El Sabinito",,,834 306 01 60 ext. 368008,http://www.inah.gob.mx/es/zonas/107-zona-arqueologica-el-sabinito,ltorre.tamps@inah.gob.mx,23.63641,-98.40722,28,37,0,Tamaulipas,Soto la Marina,TOTAL DEL MUNICIPIO,http://sic.gob.mx/ficha.php?table=zona_arqueologica&table_id=105,2022-02-24T09:23:26-06:00
157,104,Las Flores,1991-01-01,Av. Chairel 36 entre Azahar y Clavel,Col. Las Flores,,834 306 01 60 ext. 368008,http://www.inah.gob.mx/es/zonas/108-zona-arqueologica-piramide-las-flores,direccion.tamps@inah.gob.mx,22.24954,-97.87679,28,38,0,Tamaulipas,Tampico,TOTAL DEL MUNICIPIO,http://sic.gob.mx/ficha.php?table=zona_arqueologica&table_id=104,2022-02-24T09:15:44-06:00
158,140,Balcón de Montezuma,1000-01-01,"Se localiza en el Municipio de Victoria, con dirección al ejido de Alta Cumbre",,,834 306 01 57,http://www.inah.gob.mx/es/zonas/54-zona-arqueologica-balcon-de-montezuma,direccion.tamps@inah.gob.mx,23.59033,-99.17756,28,41,0,Tamaulipas,Victoria,TOTAL DEL MUNICIPIO,http://sic.gob.mx/ficha.php?table=zona_arqueologica&table_id=140,2022-02-24T09:19:47-06:00
159,139,Tecoaque,2012-11-28,,,,246 462 93 75 ext. 378022,http://www.inah.gob.mx/es/zonas/173-zona-arqueologica-de-tecoaque,omar_ramirez@inah.gob.mx,19.58518,-98.62462,29,6,0,Tlaxcala,Calpulalpan,TOTAL DEL MUNICIPIO,http://sic.gob.mx/ficha.php?table=zona_arqueologica&table_id=139,2022-02-24T09:29:57-06:00
160,106,Cacaxtla-Xochitécatl,1000-01-01,,,90710,246 416 00 00,http://www.inah.gob.mx/es/zonas/158-zona-arqueologica-de-cacaxtla-xochitecatl,cacaxtlaxochitecatli@inah.gob.mx,19.24373,-98.33977,29,23,0,Tlaxcala,Natívitas,TOTAL DEL MUNICIPIO,http://sic.gob.mx/ficha.php?table=zona_arqueologica&table_id=106,2022-02-24T09:27:20-06:00
161,108,Tizatlán,1000-01-01,Xicotencatl 19,Col. San Estebán Tizatlán,90100,246 462 93 75 ext. 378022,http://www.inah.gob.mx/es/zonas/32-zona-arqueologica-de-tizatlan,omar_ramirez@inah.gob.mx,19.33678,-98.21816,29,33,0,Tlaxcala,Tlaxcala,TOTAL DEL MUNICIPIO,http://sic.gob.mx/ficha.php?table=zona_arqueologica&table_id=108,2022-02-24T09:31:59-06:00
162,188,Ocotelulco,1997-12-01,Grecia s/n,,, 246 144 58 32,http://www.inah.gob.mx/es/zonas/33-zona-arqueologica-de-ocotelulco,tlaxcala.ci@inah.gob.mx,19.33197,-98.23342,29,36,0,Tlaxcala,Totolac,TOTAL DEL MUNICIPIO,http://sic.gob.mx/ficha.php?table=zona_arqueologica&table_id=188,2022-06-25T19:51:39-05:00
163,112,Quiahuiztlán,1000-01-01,,,91667,229 934 42 08,http://www.inah.gob.mx/es/zonas/165-zona-arqueologica-de-quiahuiztlan,cinah_veracruz@inah.gob.mx,19.66949,-96.4146,30,4,0,Veracruz de Ignacio de la Llave,Actopan,TOTAL DEL MUNICIPIO,http://sic.gob.mx/ficha.php?table=zona_arqueologica&table_id=112,2022-02-25T10:47:43-06:00
164,117,Vega de la Peña,1000-01-01,,,,229 934 99 81,http://www.inah.gob.mx/es/zonas/180-zona-arqueologica-vega-de-la-pena,cinah_veracruz@inah.gob.mx,19.96373,-97.14782,30,23,0,Veracruz de Ignacio de la Llave,Atzalan,TOTAL DEL MUNICIPIO,http://sic.gob.mx/ficha.php?table=zona_arqueologica&table_id=117,2022-02-24T10:27:06-06:00
165,118,Cuajilote,1000-01-01,,,,229 934 42 08,http://www.inah.gob.mx/es/zonas/148-zona-arqueologica-de-cuajilote,cinah_veracruz@inah.gob.mx,19.94018,-97.13519,30,23,0,Veracruz de Ignacio de la Llave,Atzalan,TOTAL DEL MUNICIPIO,http://sic.gob.mx/ficha.php?table=zona_arqueologica&table_id=118,2022-02-24T10:06:37-06:00
166,114,Cuyuxquihui,1000-01-01,,,93400,229 934 99 81,http://www.inah.gob.mx/es/zonas/149-zona-arqueologica-de-cuyuxquihui,cinah_veracruz@inah.gob.mx,20.3128,-97.2559,30,124,0,Veracruz de Ignacio de la Llave,Papantla,TOTAL DEL MUNICIPIO,http://sic.gob.mx/ficha.php?table=zona_arqueologica&table_id=114,2022-02-25T10:47:12-06:00
167,115,El Tajin,1000-01-01,Carretera Federal No. 120 Km 130,,93400,229 934 42 08,http://www.inah.gob.mx/es/zonas/153-zona-arqueologica-el-tajin-y-museo-de-sitio,cinah_veracruz@inah.gob.mx,20.44781,-97.37804,30,124,0,Veracruz de Ignacio de la Llave,Papantla,TOTAL DEL MUNICIPIO,http://sic.gob.mx/ficha.php?table=zona_arqueologica&table_id=115,2022-02-24T10:22:46-06:00
168,116,Tres Zapotes,1000-01-01,"Congregación de Tres Zapotes, C.P. ",,95830,229 934 42 08,http://www.inah.gob.mx/es/zonas/185-zona-arqueologica-de-tres-zapotes-con-museo-de-sitio,cinah_veracruz@inah.gob.mx,18.47726,-95.43581,30,143,0,Veracruz de Ignacio de la Llave,Santiago Tuxtla,TOTAL DEL MUNICIPIO,http://sic.gob.mx/ficha.php?table=zona_arqueologica&table_id=116,2022-02-24T10:30:09-06:00
169,110,Castillo de Teayo,1000-01-01,Plaza de la Pirámide s/n,Centro,92940,746 882 00 48,http://www.inah.gob.mx/es/zonas/143-zona-arqueologica-castillo-de-teayo-con-museo,cinah_veracruz@inah.gob.mx,20.75011,-97.63325,30,157,0,Veracruz de Ignacio de la Llave,Castillo de Teayo,TOTAL DEL MUNICIPIO,http://sic.gob.mx/ficha.php?table=zona_arqueologica&table_id=110,2022-02-24T10:01:16-06:00
170,113,San Lorenzo Tenochtitlan,1000-01-01,Cuauhtémoc s/n,,93780,229 934 42 08,http://www.inah.gob.mx/es/zonas/186-zona-arqueologica-de-san-lorenzo-tenochtitlan,cinah_veracruz@inah.gob.mx,17.72614,-94.77198,30,172,0,Veracruz de Ignacio de la Llave,Texistepec,TOTAL DEL MUNICIPIO,http://sic.gob.mx/ficha.php?table=zona_arqueologica&table_id=113,2022-02-24T10:16:35-06:00
171,109,Cempoala,1000-01-01,Francisco del Paso y Troncoso 38,,91667,229 934 42 08,http://www.inah.gob.mx/es/zonas/144-zona-arqueologica-de-cempoala-con-museo,cinah_veracruz@inah.gob.mx,19.44685,-96.4037,30,191,0,Veracruz de Ignacio de la Llave,Ursulo Galván,TOTAL DEL MUNICIPIO,http://sic.gob.mx/ficha.php?table=zona_arqueologica&table_id=109,2022-02-24T09:57:38-06:00
172,111,Las Higueras,1000-01-01,,,93965,229 934 42 08,http://www.inah.gob.mx/es/zonas/161-zona-arqueologica-las-higueras-con-museo-de-sitio,cinah_veracruz@inah.gob.mx   ,20.03374,-96.6235,30,192,0,Veracruz de Ignacio de la Llave,Vega de Alatorre,TOTAL DEL MUNICIPIO,http://sic.gob.mx/ficha.php?table=zona_arqueologica&table_id=111,2022-02-25T10:38:07-06:00
173,121,Acanceh,1000-01-01,,,,999 944 40 68,http://www.inah.gob.mx/es/zonas/19-zona-arqueologica-de-acanceh,direccion.yuc@inah.gob.mx,20.81339,-89.45243,31,2,0,Yucatán,Acanceh,TOTAL DEL MUNICIPIO,http://sic.gob.mx/ficha.php?table=zona_arqueologica&table_id=121,2022-02-25T07:31:43-06:00
174,215,XCambó ,1000-01-01,Km 13 de la carretera Dzemul - Xtampú,,,,https://www.inah.gob.mx/zonas/55-yucatan/8860-zona-arqueologica-xcambo,,21.32341,-89.2883,31,26,0,Yucatán,Dzemul,TOTAL DEL MUNICIPIO,http://sic.gob.mx/ficha.php?table=zona_arqueologica&table_id=215,2022-02-25T09:25:22-06:00
175,127,lzamal,1000-01-01,Calle 27,,97540,999 944 40 68,http://www.inah.gob.mx/es/zonas/22-zona-arqueologica-de-izamal,direccion.yuc@inah.gob.mx,20.93729,-89.01654,31,35,0,Yucatán,Hoctún,TOTAL DEL MUNICIPIO,http://sic.gob.mx/ficha.php?table=zona_arqueologica&table_id=127,2022-02-25T07:59:54-06:00
176,124,Oxkintok,1000-01-01,,,,"999 944 40 68, 999 944 00 33",http://www.inah.gob.mx/es/zonas/28-zona-arqueologica-de-oxkintok,direccion.yuc@inah.gob.mx,20.56056,-89.95397,31,48,0,Yucatán,Maxcanú,TOTAL DEL MUNICIPIO,http://sic.gob.mx/ficha.php?table=zona_arqueologica&table_id=124,2022-02-25T08:12:54-06:00
177,133,Dzibilchaltún,1000-01-01,,,97310,999 944 40 68,http://www.inah.gob.mx/es/zonas/14-zona-arqueologica-de-dzibilchaltun,direccion.yuc@inah.gob.mx,21.09153,-89.5966,31,50,0,Yucatán,Mérida,TOTAL DEL MUNICIPIO,http://sic.gob.mx/ficha.php?table=zona_arqueologica&table_id=133,2021-12-06T15:55:07-06:00
178,130,Xlapac,1000-01-01,,,,999 944 40 68,http://www.inah.gob.mx/es/zonas/24-zona-arqueologica-de-xlapak,direccion.yuc@inah.gob.mx,20.17566,-89.60625,31,56,0,Yucatán,Oxkutzcab,TOTAL DEL MUNICIPIO,http://sic.gob.mx/ficha.php?table=zona_arqueologica&table_id=130,2022-02-25T08:19:00-06:00
179,125,Loltún,1000-01-01,,,,999 944 40 68,http://www.inah.gob.mx/es/zonas/162-zona-arqueologica-de-loltun,direccion.yuc@inah.gob.mx,20.25357,-89.45571,31,56,0,Yucatán,Oxkutzcab,TOTAL DEL MUNICIPIO,http://sic.gob.mx/ficha.php?table=zona_arqueologica&table_id=125,2022-02-25T08:08:23-06:00
180,136,Sayil,1000-01-01,,,,"999 913 40 34, ext. 398003",http://www.inah.gob.mx/es/zonas/171-zona-arqueologica-de-sayil,direccion.yuc@inah.gob.mx,20.17778,-89.6525,31,56,0,Yucatán,Oxkutzcab,TOTAL DEL MUNICIPIO,http://sic.gob.mx/ficha.php?table=zona_arqueologica&table_id=136,2022-02-25T08:14:23-06:00
181,123,Labná,1000-01-01,,,,999 944 40 68,http://www.inah.gob.mx/es/zonas/160-zona-arqueologica-de-labna,direccion.yuc@inah.gob.mx,20.17222,-89.57894,31,56,0,Yucatán,Oxkutzcab,TOTAL DEL MUNICIPIO,http://sic.gob.mx/ficha.php?table=zona_arqueologica&table_id=123,2022-02-25T08:06:11-06:00
182,128,Kabah,1000-01-01,Carr. Federal Núm. 261 (Hopelchen-Uman),,,999 944 40 68,http://www.inah.gob.mx/es/zonas/157-zona-arqueologica-de-kabah,direccion.yuc@inah.gob.mx,20.2466,-89.64761,31,66,0,Yucatán,Santa Elena,TOTAL DEL MUNICIPIO,http://sic.gob.mx/ficha.php?table=zona_arqueologica&table_id=128,2022-02-25T08:03:54-06:00
183,120,Uxmal,1000-01-01,,,,997 976 20 64,http://www.inah.gob.mx/es/zonas/110-zona-arqueologica-de-uxmal,zauxmal@gmail.com,20.36049,-89.77042,31,66,0,Yucatán,Santa Elena,TOTAL DEL MUNICIPIO,http://sic.gob.mx/ficha.php?table=zona_arqueologica&table_id=120,2022-02-25T08:17:02-06:00
184,131,Mayapán,1000-01-01,Carr. Estatal Núm.18,Mayapán,,999 944 40 68,http://www.inah.gob.mx/es/zonas/25-zona-arqueologica-de-mayapan,direccion.yuc@inah.gob.mx,20.62957,-89.46067,31,76,0,Yucatán,Tecoh,TOTAL DEL MUNICIPIO,http://sic.gob.mx/ficha.php?table=zona_arqueologica&table_id=131,2022-02-25T08:11:02-06:00
185,122,Chacmultún,1000-01-01,"Se localiza a 130 km al sureste de la ciudad de Mérida, Yucatán",,,999 944 40 68,http://www.inah.gob.mx/es/zonas/145-zona-arqueologica-de-chacmultun,direccion.yuc@inah.gob.mx,20.17272,-89.34517,31,79,0,Yucatán,Tekax,TOTAL DEL MUNICIPIO,http://sic.gob.mx/ficha.php?table=zona_arqueologica&table_id=122,2021-12-06T15:28:38-06:00
186,129,Ek' Balam,1000-01-01,,,,999 944 40 68,http://www.inah.gob.mx/es/zonas/21-zona-arqueologica-ek-balam,direccion.yuc@inah.gob.mx,20.89348,-88.14546,31,85,0,Yucatán,Temozón,TOTAL DEL MUNICIPIO,http://sic.gob.mx/ficha.php?table=zona_arqueologica&table_id=129,2021-12-06T16:04:14-06:00
187,132,Balamcanché,1000-01-01,,,,999 944 40 68,http://www.inah.gob.mx/es/zonas/142-zona-arqueologica-de-balamcanche,direccion.yuc@inah.gob.mx,20.65874,-88.53467,31,91,0,Yucatán,Tinum,TOTAL DEL MUNICIPIO,http://sic.gob.mx/ficha.php?table=zona_arqueologica&table_id=132,2021-12-06T15:24:21-06:00
188,119,Chichén ltzá,1000-01-01,Carretera Federal No. 180 (Mérida -Cancún) km 120,,97750,999 944 40 68,http://www.inah.gob.mx/es/zonas/146-zona-arqueologica-de-chichen-itza,direccion.yuc@inah.gob.mx,20.68314,-88.56877,31,91,0,Yucatán,Tinum,TOTAL DEL MUNICIPIO,http://sic.gob.mx/ficha.php?table=zona_arqueologica&table_id=119,2021-12-06T15:44:41-06:00
189,126,Aké,1000-01-01,Se localiza a 35 km al oriente de Mérida,,,999 944 00 33,http://www.inah.gob.mx/es/zonas/20-zona-arqueologica-de-ake,direccion.yuc@inah.gob.mx,20.94912,-89.30222,31,93,0,Yucatán,Tixkokob,TOTAL DEL MUNICIPIO,http://sic.gob.mx/ficha.php?table=zona_arqueologica&table_id=126,2022-02-25T07:56:54-06:00
190,135,Alta Vista o Chalchihuites,1000-01-01,Rancho Colorado,,99260,492 922 50 85,http://www.inah.gob.mx/es/zonas/111-zona-arqueologica-altavista-o-chalchihuites,,23.47936,-103.92533,32,9,0,Zacatecas,Chalchihuites,TOTAL DEL MUNICIPIO,http://sic.gob.mx/ficha.php?table=zona_arqueologica&table_id=135,2022-02-25T08:59:13-06:00
191,189,Cerro de las Ventanas,2019-08-01,,,,492 922 04 03,http://inah.gob.mx/zonas/49-zona-arqueologica-las-ventanas,augusto_torres@inah.gob.mx,21.37177,-103.13569,32,23,0,Zacatecas,Juchipila,TOTAL DEL MUNICIPIO,http://sic.gob.mx/ficha.php?table=zona_arqueologica&table_id=189,2022-02-25T08:52:43-06:00
192,208,Cerro del Teúl,1000-01-01,Extremo sur de la cabecera municipal de Teúl de González Ortega,,,492 923 13 93,http://www.inah.gob.mx,laura_solar@inah.gob.mx,21.45014,-823.46643,32,47,0,Zacatecas,Teúl de González Ortega,TOTAL DEL MUNICIPIO,http://sic.gob.mx/ficha.php?table=zona_arqueologica&table_id=208,2022-06-22T11:10:23-05:00
193,134,La Quemada,1000-01-01,Se localiza a 56 km al sur de la ciudad de Zacatecas,,,492 923 13 93,https://lugares.inah.gob.mx/lugar-199-es,carlos_torreblanca@inah.gob.mx,22.45531,-102.82087,32,55,0,Zacatecas,Villanueva,TOTAL DEL MUNICIPIO,http://sic.gob.mx/ficha.php?table=zona_arqueologica&table_id=134,2022-02-25T08:49:13-06:00
